house_id,sale_price,sale_date,months_listed,bedrooms,area,house_type_Detached,house_type_Semi-detached,house_type_Terraced,city_Poppleton,city_Riverford,city_Silvertown,city_Teasdale
1634561,401869,12/14/2021,7.0,6,519.7,True,False,False,False,False,False,True
1009770,372387,09/11/2022,8.1,6,507.8,True,False,False,False,False,True,False
1946667,325473,08/19/2020,5.4,5,466.8,True,False,False,False,False,True,False
1798290,349469,12/10/2022,6.4,5,499.4,True,False,False,False,False,True,False
1533461,199995,04/07/2020,4.3,4,335.0,True,False,False,True,False,False,False
1232200,67372,05/09/2021,5.9,2,116.5,False,True,False,False,False,False,True
1182761,193803,10/30/2022,9.5,4,321.8,True,False,False,True,False,False,False
1346363,321844,12/06/2020,6.3,6,582.9,True,False,False,True,False,False,False
1459745,268723,09/07/2022,5.8,6,553.0,True,False,False,False,True,False,False
1610313,113063,07/19/2021,2.2,3,239.4,False,True,False,True,False,False,False
1317126,41478,07/08/2022,7.2,2,111.7,False,False,True,False,False,False,True
1087100,155106,06/25/2021,2.9,3,265.5,True,False,False,True,False,False,False
1488925,208507,05/30/2022,9.7,4,393.5,True,False,False,False,True,False,False
1714846,413526,08/19/2021,3.1,6,569.0,True,False,False,False,False,True,False
1042643,415605,09/17/2020,1.0,6,581.6,True,False,False,False,False,False,True
1377739,194645,01/05/2022,2.0,3,274.8,True,False,False,False,False,True,False
1904652,23181,09/07/2022,4.9,2,101.3,False,False,True,False,True,False,False
1165244,320225,11/22/2020,2.5,6,590.5,True,False,False,False,True,False,False
1579548,106116,05/23/2022,4.0,3,202.9,False,True,False,False,False,True,False
1488968,234688,10/13/2022,3.3,4,332.7,True,False,False,False,False,True,False
1935780,428866,03/28/2021,6.5,6,573.6,True,False,False,False,False,True,False
1086216,257398,01/15/2021,8.2,4,338.9,True,False,False,False,False,False,True
1373797,109814,10/07/2022,5.0,3,211.4,True,False,False,False,True,False,False
1740539,159533,05/06/2022,4.0,4,339.1,True,False,False,False,True,False,False
1308603,121614,12/11/2021,5.1,3,219.4,True,False,False,True,False,False,False
1630422,106098,12/20/2020,5.6,2,196.5,False,True,False,False,False,True,False
1124700,433904,06/22/2022,8.1,6,599.6,True,False,False,False,False,False,True
1152528,130151,06/03/2021,4.8,3,221.1,False,True,False,False,False,False,True
1945232,368984,06/29/2021,2.9,5,498.6,True,False,False,False,False,True,False
1979722,285023,03/24/2021,2.9,6,562.6,True,False,False,False,True,False,False
1409959,55809,04/16/2022,5.3,2,148.1,False,True,False,False,True,False,False
1440885,310956,05/06/2022,9.0,5,433.5,True,False,False,False,False,True,False
1304938,276337,11/10/2021,8.6,5,449.8,True,False,False,True,False,False,False
1336638,242598,03/12/2020,7.6,4,341.0,True,False,False,False,False,True,False
1453413,341008,03/07/2022,5.9,6,591.5,True,False,False,True,False,False,False
1319131,95441,06/27/2021,5.7,2,163.8,False,True,False,False,False,False,True
1272712,137139,01/04/2021,8.0,3,213.3,False,True,False,False,False,False,True
1778882,247739,10/04/2022,7.4,4,394.2,True,False,False,True,False,False,False
1975821,272388,06/08/2022,5.1,5,495.3,True,False,False,False,True,False,False
1934969,130108,05/01/2022,5.1,3,284.9,True,False,False,False,True,False,False
1795070,399652,05/22/2021,5.0,6,567.1,True,False,False,False,False,True,False
1447152,248686,12/10/2021,5.8,4,311.4,True,False,False,False,False,False,True
1560330,353630,05/17/2020,9.7,5,419.6,True,False,False,False,False,False,True
1389691,76029,10/16/2020,5.3,2,183.2,False,True,False,True,False,False,False
1256691,438922,09/26/2022,4.9,6,528.7,True,False,False,False,False,False,True
1783636,35110,10/01/2020,8.3,2,116.0,False,False,True,True,False,False,False
1605074,275995,06/09/2021,6.9,5,421.4,True,False,False,False,False,True,False
1579733,361171,08/31/2020,11.0,5,425.8,True,False,False,False,False,False,True
1524267,232195,11/07/2021,5.0,4,383.8,True,False,False,True,False,False,False
1477266,192310,08/19/2021,6.0,3,276.0,True,False,False,False,False,True,False
1189627,71094,01/31/2020,7.9,2,137.1,False,True,False,False,False,True,False
1004887,80156,04/17/2021,6.2,2,177.2,False,True,False,True,False,False,False
1130084,409702,01/19/2020,5.0,6,525.0,True,False,False,False,False,False,True
1185353,215429,11/25/2021,6.4,4,305.7,True,False,False,False,False,True,False
1654137,71495,10/10/2022,5.8,2,153.6,False,True,False,True,False,False,False
1496270,85356,06/07/2020,7.5,2,198.4,False,True,False,True,False,False,False
1123020,277756,01/27/2022,3.1,5,422.2,True,False,False,False,False,True,False
1558840,363268,05/09/2021,5.1,5,474.6,True,False,False,False,False,False,True
1040876,439609,12/05/2021,7.6,6,516.5,True,False,False,False,False,False,True
1657318,196704,10/04/2021,5.2,4,324.1,True,False,False,True,False,False,False
1891576,78823,05/04/2021,3.8,2,154.6,False,True,False,False,False,True,False
1739640,213012,11/09/2020,7.4,4,379.0,True,False,False,True,False,False,False
1762306,235404,05/08/2022,6.4,5,401.2,True,False,False,True,False,False,False
1758173,297353,11/27/2020,5.8,4,338.9,True,False,False,False,False,False,True
1159237,243197,03/01/2020,6.6,5,404.9,True,False,False,True,False,False,False
1359874,89950,11/29/2022,3.9,3,227.9,False,False,True,False,False,False,True
1537517,184165,10/28/2021,7.0,4,316.5,True,False,False,True,False,False,False
1744595,323027,11/27/2022,6.9,6,553.4,True,False,False,True,False,False,False
1573501,241792,01/20/2022,5.9,4,339.3,True,False,False,False,False,True,False
1029718,374110,05/01/2021,2.9,5,460.3,True,False,False,False,False,False,True
1971259,322694,02/17/2020,9.4,6,598.8,True,False,False,False,True,False,False
1615821,336808,08/06/2021,7.7,6,575.2,True,False,False,True,False,False,False
1609069,49987,05/08/2022,4.9,2,119.2,False,False,True,False,False,False,True
1377136,347003,11/01/2020,5.6,6,552.1,True,False,False,False,False,True,False
1526388,174474,02/08/2022,6.2,3,299.0,True,False,False,True,False,False,False
1111557,323803,05/24/2022,2.8,5,457.2,True,False,False,False,False,True,False
1417179,200146,04/02/2021,4.8,3,255.4,True,False,False,False,False,False,True
1223299,294691,05/02/2021,3.5,6,560.6,True,False,False,False,True,False,False
1737203,172036,10/20/2022,7.2,4,307.9,True,False,False,True,False,False,False
1109555,339025,10/13/2021,5.4,6,523.3,True,False,False,False,False,True,False
1636533,243117,11/25/2022,7.0,4,338.6,True,False,False,False,False,True,False
1027198,194077,03/17/2022,5.3,3,291.1,True,False,False,False,False,True,False
1922450,195974,05/27/2022,3.9,3,281.1,True,False,False,False,False,True,False
1617331,516624,06/30/2022,5.0,6,596.9,True,False,False,False,False,False,True
1563665,184784,02/26/2022,4.8,3,277.1,True,False,False,False,False,True,False
1384545,217063,03/24/2020,6.9,3,271.0,True,False,False,False,False,False,True
1322880,199827,05/28/2022,3.6,5,408.8,True,False,False,False,True,False,False
1365197,276932,04/27/2022,7.5,5,463.9,True,False,False,True,False,False,False
1349378,374141,06/01/2022,6.5,6,506.3,True,False,False,False,False,True,False
1079769,181196,07/26/2021,2.8,3,260.4,True,False,False,False,False,True,False
1740291,298140,11/12/2021,0.8,5,427.3,True,False,False,False,False,True,False
1131472,240606,02/23/2022,6.4,4,364.3,True,False,False,False,False,True,False
1191856,271071,08/16/2020,2.7,6,567.9,True,False,False,False,True,False,False
1611575,64098,03/21/2020,3.3,2,128.8,False,True,False,False,False,True,False
1370172,176089,01/30/2021,6.0,3,216.9,True,False,False,False,False,False,True
1211396,260869,10/07/2022,2.4,4,357.1,True,False,False,False,False,True,False
1809993,38792,02/02/2020,3.7,2,107.8,False,False,True,False,False,True,False
1181612,357576,07/25/2022,4.3,6,510.6,True,False,False,False,False,True,False
1963360,72500,09/21/2021,4.4,2,128.3,False,True,False,False,False,False,True
1677369,260135,01/08/2022,5.9,5,440.6,True,False,False,True,False,False,False
1100786,254782,06/05/2020,5.7,4,339.1,True,False,False,False,False,False,True
1257219,288870,09/25/2020,5.5,4,354.2,True,False,False,False,False,False,True
1446965,252522,09/11/2022,7.6,4,366.5,True,False,False,False,False,True,False
1187562,106866,03/02/2020,6.3,2,195.4,False,True,False,False,False,False,True
1203137,91641,05/18/2021,5.2,2,145.7,False,True,False,False,False,False,True
1870954,118415,03/08/2022,9.3,3,219.9,False,True,False,False,False,True,False
1698510,295302,11/12/2020,6.7,5,439.3,True,False,False,False,False,True,False
1881469,290033,02/03/2022,2.5,5,403.1,True,False,False,False,False,True,False
1100411,40111,05/14/2021,8.0,2,111.6,False,True,False,False,True,False,False
1293287,385211,06/24/2022,5.7,6,543.0,True,False,False,False,False,True,False
1545556,144525,08/29/2022,2.1,3,218.4,True,False,False,False,False,True,False
1681404,421460,09/20/2020,1.9,6,583.9,True,False,False,False,False,True,False
1956067,172738,06/16/2022,5.3,3,246.3,True,False,False,False,False,True,False
1067038,249200,07/02/2022,8.1,3,293.5,True,False,False,False,False,False,True
1090523,68141,02/16/2021,6.2,3,205.0,False,False,True,False,False,True,False
1861353,250316,03/29/2021,7.6,4,370.5,True,False,False,False,False,True,False
1948827,62985,08/18/2021,4.7,2,113.2,False,True,False,False,False,True,False
1588970,57387,03/02/2022,6.3,2,112.4,False,True,False,False,False,True,False
1680984,30971,07/30/2022,6.7,2,131.5,False,False,True,False,True,False,False
1590458,252866,06/27/2021,4.5,6,551.1,True,False,False,False,True,False,False
1512645,202339,06/01/2021,3.3,3,299.9,True,False,False,False,False,True,False
1140940,270969,01/03/2020,3.7,5,458.1,True,False,False,True,False,False,False
1990339,262245,01/04/2020,4.1,6,525.2,True,False,False,False,True,False,False
1124910,66592,05/01/2021,7.7,2,178.7,False,True,False,False,True,False,False
1977248,163449,02/25/2022,0.3,3,282.6,True,False,False,True,False,False,False
1631091,77797,12/01/2021,7.0,3,224.3,False,False,True,False,False,True,False
1161719,301887,06/22/2022,8.4,5,413.0,True,False,False,False,False,True,False
1458216,343969,01/13/2020,7.8,6,546.3,True,False,False,True,False,False,False
1044065,152865,01/14/2020,4.0,3,267.8,True,False,False,True,False,False,False
1413343,106757,12/02/2021,5.5,3,214.8,False,True,False,False,False,True,False
1874541,333107,02/03/2022,7.1,5,419.8,True,False,False,False,False,False,True
1914040,159526,11/27/2021,6.7,4,337.0,True,False,False,False,True,False,False
1438546,165342,09/24/2022,5.9,3,234.8,True,False,False,False,False,True,False
1789341,88846,10/21/2020,7.6,3,226.8,False,False,True,False,False,False,True
1029998,288417,04/22/2022,0.8,5,458.8,True,False,False,True,False,False,False
1122648,74877,05/05/2020,5.6,2,143.7,False,True,False,False,False,True,False
1267908,333414,11/25/2021,5.6,6,569.5,True,False,False,True,False,False,False
1034144,322849,04/20/2022,4.4,5,444.3,True,False,False,False,False,False,True
1939333,155511,04/26/2021,4.7,3,298.8,True,False,False,False,True,False,False
1554142,269308,05/25/2020,4.6,4,367.8,True,False,False,False,False,True,False
1154520,238229,11/02/2022,7.9,5,460.0,True,False,False,False,True,False,False
1638398,212306,07/04/2021,6.9,4,385.0,True,False,False,True,False,False,False
1724642,372613,10/19/2021,4.9,6,553.9,True,False,False,False,False,True,False
1328104,269271,07/22/2020,4.9,5,483.7,True,False,False,True,False,False,False
1896724,105120,04/29/2022,5.8,3,208.2,False,True,False,False,False,True,False
1558067,373386,05/03/2022,5.2,6,555.6,True,False,False,True,False,False,False
1388243,278373,03/11/2022,8.0,4,389.7,True,False,False,False,False,True,False
1722754,289269,02/02/2022,6.7,5,482.7,True,False,False,True,False,False,False
1509635,358204,08/26/2020,3.8,5,479.9,True,False,False,False,False,True,False
1995485,139794,05/27/2021,5.0,3,268.7,True,False,False,False,True,False,False
1626519,279673,08/25/2021,3.5,5,421.5,True,False,False,False,False,True,False
1451499,326130,02/18/2021,5.4,5,453.6,True,False,False,False,False,True,False
1941154,245419,03/12/2021,6.8,5,498.0,True,False,False,False,True,False,False
1076986,60712,04/18/2021,10.6,2,108.2,False,True,False,False,False,True,False
1218668,192083,04/14/2022,4.8,4,303.4,True,False,False,True,False,False,False
1106142,218191,10/26/2020,6.4,4,309.2,True,False,False,False,False,True,False
1283101,221572,10/07/2020,6.2,3,282.4,True,False,False,False,False,False,True
1202040,391619,10/26/2021,5.4,6,596.5,True,False,False,False,False,True,False
1368369,350169,07/16/2022,8.3,5,436.1,True,False,False,False,False,False,True
1166737,162652,09/02/2021,2.8,4,348.6,True,False,False,False,True,False,False
1199613,54421,07/07/2022,5.3,2,115.1,False,True,False,False,False,True,False
1520767,238958,12/07/2021,5.9,4,332.2,True,False,False,False,False,True,False
1187630,226332,07/13/2020,5.6,4,370.4,True,False,False,True,False,False,False
1624607,121148,11/11/2020,5.8,3,229.1,False,True,False,False,False,True,False
1175936,280173,12/02/2020,3.9,4,382.4,True,False,False,False,False,True,False
1719078,99717,01/04/2022,6.0,2,173.4,False,True,False,False,False,True,False
1320867,157480,12/25/2022,8.0,4,300.8,True,False,False,False,True,False,False
1205924,286116,03/19/2022,3.2,5,431.5,True,False,False,True,False,False,False
1608724,284254,02/11/2020,2.9,4,381.4,True,False,False,False,False,False,True
1360009,72337,11/27/2022,6.8,2,129.9,False,True,False,False,False,False,True
1044267,56430,07/26/2022,5.1,2,154.5,False,True,False,False,True,False,False
1892591,262759,03/16/2022,4.6,5,408.9,True,False,False,False,False,True,False
1318950,326165,07/02/2020,2.9,6,525.4,True,False,False,True,False,False,False
1551761,75565,05/10/2020,6.0,2,140.6,False,True,False,False,False,False,True
1740379,64239,03/10/2021,4.5,2,106.9,False,True,False,False,False,True,False
1251442,433236,03/14/2020,6.6,6,581.4,True,False,False,False,False,False,True
1271709,352954,10/17/2021,5.4,5,456.1,True,False,False,False,False,True,False
1608199,178179,12/09/2020,8.8,4,331.3,True,False,False,False,True,False,False
1662264,236510,06/07/2020,7.2,4,337.8,True,False,False,False,False,True,False
1593366,98538,03/15/2022,7.8,2,192.3,False,True,False,False,False,True,False
1670174,290958,02/16/2021,5.2,5,445.2,True,False,False,False,False,True,False
1177400,337862,07/11/2022,6.4,6,501.9,True,False,False,False,False,True,False
1718286,209139,06/10/2021,6.3,4,334.7,True,False,False,True,False,False,False
1056929,65113,04/13/2021,7.4,3,203.7,False,False,True,False,False,True,False
1261487,73438,11/04/2021,7.0,3,216.4,False,False,True,False,False,True,False
1918887,89352,05/04/2022,3.3,3,225.1,False,True,False,False,True,False,False
1839301,188271,11/09/2022,5.1,4,368.8,True,False,False,False,True,False,False
1378944,274615,12/11/2022,6.7,4,324.4,True,False,False,False,False,False,True
1361678,120910,02/12/2022,5.1,3,230.0,False,True,False,False,False,True,False
1057994,417167,05/12/2022,6.6,6,583.4,True,False,False,False,False,True,False
1415253,85250,09/30/2020,2.8,2,133.5,False,True,False,False,False,False,True
1749362,191281,06/13/2020,7.1,4,375.0,True,False,False,False,True,False,False
1531813,386972,12/28/2020,5.1,6,579.7,True,False,False,True,False,False,False
1174334,359501,11/07/2020,8.3,5,462.9,True,False,False,False,False,False,True
1768142,400139,08/19/2022,7.2,5,484.0,True,False,False,False,False,False,True
1304474,252358,06/06/2020,4.0,5,422.4,True,False,False,True,False,False,False
1401518,185069,10/09/2020,6.6,3,282.2,True,False,False,False,False,True,False
1602387,149137,12/27/2022,3.3,3,208.8,True,False,False,False,False,True,False
1692601,381504,08/01/2020,3.9,6,521.5,True,False,False,False,False,True,False
1379147,86428,05/16/2021,6.4,2,188.6,False,True,False,True,False,False,False
1286114,248906,09/16/2021,7.2,5,418.2,True,False,False,True,False,False,False
1759763,258477,11/19/2022,6.7,5,441.7,True,False,False,True,False,False,False
1498928,134977,05/20/2021,6.5,3,234.5,True,False,False,True,False,False,False
1052026,171227,04/21/2022,8.4,3,272.0,True,False,False,True,False,False,False
1929701,246540,10/15/2020,2.6,3,297.6,True,False,False,False,False,False,True
1411764,45163,06/29/2022,8.8,2,159.3,False,False,True,True,False,False,False
1518986,149367,10/21/2020,7.1,3,254.8,True,False,False,True,False,False,False
1769885,209648,02/28/2022,5.9,3,282.5,True,False,False,False,False,True,False
1765487,347563,09/15/2020,6.9,5,483.9,True,False,False,False,False,True,False
1410151,240666,08/03/2022,4.9,4,320.6,True,False,False,False,False,False,True
1134263,320249,10/03/2021,2.8,5,494.0,True,False,False,False,False,True,False
1839953,82874,05/12/2022,4.7,2,148.7,False,True,False,False,False,False,True
1957935,150119,01/25/2020,6.5,3,251.0,True,False,False,True,False,False,False
1401395,271090,10/12/2020,1.5,4,374.3,True,False,False,False,False,False,True
1649718,354130,05/01/2022,6.5,5,442.8,True,False,False,False,False,False,True
1165972,223128,01/05/2021,2.7,4,348.4,True,False,False,True,False,False,False
1378518,300266,06/27/2020,6.3,4,360.3,True,False,False,False,False,False,True
1257987,314589,04/18/2021,4.2,6,540.2,True,False,False,True,False,False,False
1062862,350690,12/07/2020,3.2,5,448.1,True,False,False,False,False,False,True
1796287,230724,04/22/2022,6.0,5,418.5,True,False,False,True,False,False,False
1422316,199246,12/25/2021,2.0,3,292.1,True,False,False,True,False,False,False
1171902,330478,07/30/2020,7.8,6,568.9,True,False,False,True,False,False,False
1150214,307053,01/04/2021,6.1,5,448.0,True,False,False,False,False,True,False
1787139,47587,10/09/2021,2.8,2,196.1,False,False,True,False,True,False,False
1954307,123146,02/12/2020,5.1,3,232.3,False,True,False,False,False,True,False
1872657,124207,07/08/2022,5.3,3,241.0,True,False,False,False,True,False,False
1992565,254878,03/11/2021,12.0,5,411.0,True,False,False,True,False,False,False
1635959,385926,12/05/2021,6.5,6,545.2,True,False,False,False,False,True,False
1564606,342624,01/20/2022,3.2,6,599.1,True,False,False,True,False,False,False
1179507,207609,04/04/2021,3.6,5,414.1,True,False,False,False,True,False,False
1019221,290826,11/11/2022,8.4,5,423.7,True,False,False,False,False,True,False
1758219,273715,11/02/2020,6.4,6,536.1,True,False,False,True,False,False,False
1001874,95006,05/14/2021,6.9,2,183.7,False,True,False,False,False,True,False
1763492,244894,12/24/2022,5.9,5,404.7,True,False,False,True,False,False,False
1901931,456244,07/24/2021,3.5,6,595.2,True,False,False,False,False,False,True
1062220,127599,01/18/2022,4.6,3,227.0,False,True,False,False,False,False,True
1575836,76801,02/23/2020,8.2,2,137.4,False,True,False,False,False,False,True
1075409,267993,01/28/2020,8.0,5,472.9,True,False,False,True,False,False,False
1290752,395464,01/13/2020,6.5,6,564.8,True,False,False,False,False,True,False
1044630,419007,11/30/2021,6.2,6,599.6,True,False,False,False,False,True,False
1104937,38536,01/01/2020,4.5,2,103.3,False,True,False,False,True,False,False
1807648,70369,01/24/2020,7.1,3,201.2,False,True,False,False,True,False,False
1794466,145465,09/09/2020,4.8,3,248.3,True,False,False,True,False,False,False
1866939,288621,11/21/2021,3.7,4,347.8,True,False,False,False,False,False,True
1763383,231361,07/31/2020,7.5,4,334.1,True,False,False,False,False,True,False
1607347,262075,08/19/2021,4.2,5,412.8,True,False,False,True,False,False,False
1612898,328063,04/16/2022,6.9,6,537.0,True,False,False,True,False,False,False
1171951,175379,08/09/2021,6.5,3,299.4,True,False,False,True,False,False,False
1733876,142099,06/17/2022,10.5,3,228.5,True,False,False,True,False,False,False
1926275,86677,02/12/2021,6.7,2,145.9,False,True,False,False,False,False,True
1593282,115288,02/13/2020,7.0,2,193.4,False,True,False,False,False,False,True
1952765,355651,07/29/2021,5.6,5,461.0,True,False,False,False,False,False,True
1717808,255251,04/14/2020,4.8,6,530.1,True,False,False,False,True,False,False
1658322,117774,09/28/2022,4.5,3,227.5,False,True,False,False,False,True,False
1840298,29817,02/01/2020,6.0,2,101.2,False,False,True,True,False,False,False
1966577,397700,12/16/2020,9.0,6,550.3,True,False,False,False,False,True,False
1625659,235516,12/16/2022,6.2,4,324.9,True,False,False,False,False,False,True
1505694,325388,10/30/2022,0.6,5,478.4,True,False,False,False,False,True,False
1196218,140548,09/13/2020,6.7,3,226.1,True,False,False,True,False,False,False
1964046,190093,12/11/2021,8.8,4,306.7,True,False,False,True,False,False,False
1457312,293965,06/04/2020,5.0,5,429.8,True,False,False,False,False,True,False
1732637,473336,09/06/2020,8.1,6,598.3,True,False,False,False,False,False,True
1942805,55226,09/05/2021,8.2,2,160.5,False,False,True,False,False,True,False
1347606,63301,02/28/2020,5.6,2,177.6,False,False,True,False,False,True,False
1184164,222017,12/09/2021,6.7,3,269.5,True,False,False,False,False,False,True
1547407,215139,10/13/2021,6.9,3,260.9,True,False,False,False,False,False,True
1096873,466321,02/10/2020,6.4,6,532.4,True,False,False,False,False,False,True
1920641,289694,12/25/2020,4.0,4,395.5,True,False,False,False,False,True,False
1229072,122082,07/16/2020,7.7,3,208.5,False,True,False,False,False,False,True
1545263,240427,07/12/2022,6.7,4,386.5,True,False,False,True,False,False,False
1534443,344946,10/07/2020,6.5,5,422.8,True,False,False,False,False,False,True
1688002,308318,03/27/2020,5.7,5,471.9,True,False,False,False,False,True,False
1210618,223820,04/26/2020,9.7,5,404.0,True,False,False,True,False,False,False
1120136,230418,02/09/2020,5.4,4,325.5,True,False,False,False,False,True,False
1240223,192125,09/11/2022,6.6,3,290.0,True,False,False,False,False,True,False
1827485,349505,01/19/2020,5.8,5,447.2,True,False,False,False,False,True,False
1115856,249976,08/16/2022,1.5,4,371.6,True,False,False,False,False,True,False
1013452,367214,06/29/2021,7.9,6,501.1,True,False,False,False,False,True,False
1648832,168406,11/02/2020,5.9,3,294.4,True,False,False,True,False,False,False
1637202,342195,06/09/2022,6.8,6,574.2,True,False,False,True,False,False,False
1522464,234123,10/11/2022,10.4,3,283.2,True,False,False,False,False,False,True
1025361,193452,05/22/2020,7.4,4,302.6,True,False,False,True,False,False,False
1423616,232910,02/25/2021,3.3,4,339.1,True,False,False,False,False,True,False
1820401,119269,06/20/2021,6.0,3,221.6,False,True,False,False,False,True,False
1142969,75825,07/12/2020,2.9,3,205.4,False,False,True,False,False,True,False
1252336,401536,08/31/2021,8.1,6,520.9,True,False,False,False,False,True,False
1689823,175863,02/19/2020,7.9,4,333.4,True,False,False,False,True,False,False
1828245,174723,07/05/2022,7.0,3,251.7,True,False,False,False,False,True,False
1892592,212785,04/13/2022,2.0,4,310.3,True,False,False,False,False,True,False
1778521,349431,05/28/2022,5.5,5,449.1,True,False,False,False,False,False,True
1077661,62275,03/20/2022,6.7,2,122.0,False,True,False,False,False,True,False
1284556,52946,08/05/2022,5.0,2,187.1,False,False,True,True,False,False,False
1773796,164657,08/18/2022,4.5,3,275.3,True,False,False,True,False,False,False
1884248,92232,04/30/2022,3.1,2,181.4,False,True,False,False,False,True,False
1137674,57249,02/12/2022,6.4,2,152.7,False,True,False,False,True,False,False
1127541,246582,03/27/2021,5.7,4,351.7,True,False,False,False,False,True,False
1353954,58473,08/15/2022,6.0,2,169.2,False,False,True,False,False,True,False
1742650,132917,05/26/2020,6.8,3,267.9,True,False,False,False,True,False,False
1926821,333646,12/05/2022,7.0,6,556.7,True,False,False,True,False,False,False
1318936,63114,05/24/2021,5.4,2,140.4,False,True,False,True,False,False,False
1334277,222922,05/23/2022,6.2,4,363.1,True,False,False,True,False,False,False
1306152,56155,08/16/2022,3.7,3,215.5,False,False,True,True,False,False,False
1345514,264909,10/04/2021,6.5,6,528.5,True,False,False,False,True,False,False
1865336,347531,04/27/2020,7.2,6,595.2,True,False,False,True,False,False,False
1447975,207985,06/20/2021,5.6,4,333.6,True,False,False,True,False,False,False
1536382,65182,07/21/2021,4.3,2,173.7,False,False,True,False,False,True,False
1356020,315515,05/15/2021,5.7,5,451.8,True,False,False,False,False,True,False
1431898,394399,02/28/2020,4.5,6,554.4,True,False,False,False,False,True,False
1446959,214085,06/20/2020,5.9,4,369.4,True,False,False,True,False,False,False
1415203,77362,03/20/2021,7.1,2,134.8,False,True,False,False,False,False,True
1967688,354608,06/21/2022,5.0,5,491.0,True,False,False,False,False,True,False
1280560,92807,01/04/2022,6.8,3,236.9,False,False,True,False,False,False,True
1520810,344213,10/18/2021,5.7,5,485.0,True,False,False,False,False,True,False
1693193,218857,01/17/2020,7.0,4,356.8,True,False,False,True,False,False,False
1276760,197170,09/09/2020,5.1,4,360.3,True,False,False,True,False,False,False
1825971,102934,12/16/2020,4.1,2,181.5,False,True,False,False,False,False,True
1072857,56756,03/24/2020,6.7,2,161.5,False,False,True,False,False,True,False
1589935,344582,05/28/2021,5.1,5,493.2,True,False,False,False,False,True,False
1848006,402438,07/26/2021,8.0,6,564.4,True,False,False,False,False,True,False
1509026,429779,11/04/2022,8.1,6,582.5,True,False,False,False,False,False,True
1703210,427937,12/03/2022,5.6,6,570.2,True,False,False,False,False,True,False
1040448,473598,06/13/2022,5.2,6,536.4,True,False,False,False,False,False,True
1888170,73606,08/08/2020,9.4,3,232.7,False,False,True,True,False,False,False
1212969,73959,09/05/2021,6.5,3,205.2,False,False,True,False,False,False,True
1624917,420750,09/04/2021,4.9,6,562.3,True,False,False,False,False,True,False
1063402,307755,09/29/2022,6.1,5,415.9,True,False,False,False,False,True,False
1553612,286637,10/05/2020,3.2,6,563.3,True,False,False,False,True,False,False
1886711,252909,10/21/2021,5.4,4,363.8,True,False,False,False,False,True,False
1386252,166309,06/07/2021,5.2,3,259.8,True,False,False,False,False,True,False
1873424,365171,06/08/2021,8.1,5,483.0,True,False,False,False,False,False,True
1202345,176566,12/17/2022,2.4,3,254.6,True,False,False,False,False,True,False
1854053,76018,01/25/2021,6.0,2,132.7,False,True,False,False,False,True,False
1422542,186138,12/02/2022,5.9,4,300.8,True,False,False,True,False,False,False
1537532,271660,08/14/2021,8.9,4,384.4,True,False,False,False,False,True,False
1557428,180533,09/05/2021,6.1,3,258.8,True,False,False,False,False,True,False
1390144,188889,07/20/2021,4.0,4,391.3,True,False,False,False,True,False,False
1421959,128148,09/27/2021,9.0,3,234.5,False,True,False,False,False,True,False
1100284,323365,09/10/2021,6.4,6,508.3,True,False,False,True,False,False,False
1337587,228577,09/09/2020,4.6,5,496.8,True,False,False,False,True,False,False
1135689,73796,03/14/2021,4.7,2,164.6,False,True,False,True,False,False,False
1496656,189014,11/12/2020,7.0,4,326.8,True,False,False,True,False,False,False
1835245,101030,08/07/2022,7.1,2,151.8,False,True,False,False,False,False,True
1480614,272484,06/05/2022,10.4,4,348.2,True,False,False,False,False,False,True
1449055,242197,06/07/2020,4.9,3,298.9,True,False,False,False,False,False,True
1850841,212573,06/11/2022,6.5,4,344.6,True,False,False,True,False,False,False
1784552,387872,03/19/2021,6.2,6,562.1,True,False,False,False,False,True,False
1175347,232686,12/03/2022,7.0,4,333.8,True,False,False,False,False,True,False
1614513,485896,07/12/2021,4.5,6,579.4,True,False,False,False,False,False,True
1973573,433655,02/09/2020,4.0,6,540.4,True,False,False,False,False,False,True
1605016,270203,06/15/2021,5.9,5,453.3,True,False,False,True,False,False,False
1962507,75781,06/21/2022,6.4,3,209.0,False,True,False,False,True,False,False
1046247,306747,07/10/2021,3.2,5,486.9,True,False,False,False,False,True,False
1931926,310393,02/12/2021,9.0,5,450.6,True,False,False,False,False,True,False
1906383,427514,07/13/2021,5.2,6,584.1,True,False,False,False,False,True,False
1708299,80823,12/28/2020,6.4,2,145.2,False,True,False,False,False,False,True
1901370,180818,11/01/2020,2.3,3,255.6,True,False,False,False,False,True,False
1401207,220668,02/03/2022,7.9,4,317.7,True,False,False,False,False,True,False
1612277,57012,07/25/2021,7.7,2,162.0,False,False,True,False,False,True,False
1818428,464586,01/21/2020,6.8,6,578.6,True,False,False,False,False,False,True
1702601,281996,04/15/2022,2.4,5,454.2,True,False,False,True,False,False,False
1023294,139732,10/17/2020,6.1,3,281.8,True,False,False,False,True,False,False
1474128,256773,11/10/2020,6.9,4,389.1,True,False,False,False,False,True,False
1034062,207032,12/20/2020,4.2,3,273.4,True,False,False,False,False,True,False
1037024,279361,01/14/2022,4.6,5,401.5,True,False,False,False,False,True,False
1849072,221229,09/26/2020,5.9,4,372.8,True,False,False,True,False,False,False
1042085,358051,12/04/2021,5.0,5,448.5,True,False,False,False,False,False,True
1467667,451611,07/21/2020,6.8,6,585.9,True,False,False,False,False,False,True
1739560,63629,06/13/2021,5.8,2,186.5,False,False,True,False,False,True,False
1716643,314740,03/24/2021,7.5,5,452.2,True,False,False,False,False,False,True
1203706,347990,05/10/2021,5.7,6,560.6,True,False,False,True,False,False,False
1576243,303530,09/10/2020,6.8,5,430.6,True,False,False,False,False,True,False
1039025,235911,12/03/2022,3.3,3,290.2,True,False,False,False,False,False,True
1190849,210506,10/27/2020,5.8,4,373.0,True,False,False,False,True,False,False
1689718,267097,11/07/2021,6.1,5,408.8,True,False,False,False,False,True,False
1246343,222523,12/29/2022,7.4,4,360.9,True,False,False,True,False,False,False
1565133,93951,10/28/2020,3.2,2,162.3,False,True,False,False,False,True,False
1464542,257793,04/07/2020,5.5,4,394.3,True,False,False,False,False,True,False
1585264,124398,08/03/2021,3.0,3,212.4,False,True,False,False,False,False,True
1809895,179399,03/15/2022,3.8,3,297.2,True,False,False,True,False,False,False
1733135,111518,09/24/2022,6.8,2,187.4,False,True,False,False,False,False,True
1299635,253811,11/25/2020,7.4,4,344.4,True,False,False,False,False,True,False
1428833,412371,05/08/2021,6.9,5,493.8,True,False,False,False,False,False,True
1548380,442858,12/06/2020,5.2,6,546.8,True,False,False,False,False,False,True
1523116,392640,06/21/2022,6.9,5,481.8,True,False,False,False,False,False,True
1759607,408606,05/17/2021,4.4,6,567.8,True,False,False,False,False,True,False
1469058,217605,06/05/2022,8.4,4,379.4,True,False,False,True,False,False,False
1815835,298933,10/26/2020,7.1,6,523.1,True,False,False,True,False,False,False
1775360,191048,06/01/2021,2.5,3,290.6,True,False,False,False,False,True,False
1468783,41496,12/04/2022,4.6,2,136.5,False,False,True,True,False,False,False
1271142,175502,12/05/2020,4.3,3,290.8,True,False,False,True,False,False,False
1560627,212041,12/03/2022,5.4,5,414.1,True,False,False,False,True,False,False
1686587,168631,05/11/2021,5.3,3,266.9,True,False,False,True,False,False,False
1979406,209711,05/25/2021,5.9,4,359.3,True,False,False,True,False,False,False
1235289,341837,11/17/2020,6.5,5,464.7,True,False,False,False,False,False,True
1011567,436304,08/30/2021,3.5,6,593.6,True,False,False,False,False,True,False
1398902,324862,08/25/2020,11.7,6,530.4,True,False,False,True,False,False,False
1178681,423623,09/13/2021,7.9,6,585.8,True,False,False,False,False,False,True
1717760,326328,10/06/2022,6.3,6,540.3,True,False,False,True,False,False,False
1151596,152719,04/14/2021,2.6,2,183.7,True,False,False,False,False,False,True
1496211,257488,08/25/2020,5.6,4,378.5,True,False,False,False,False,True,False
1835283,334466,01/07/2022,4.9,5,431.4,True,False,False,False,False,False,True
1026944,408397,02/07/2021,4.6,6,512.0,True,False,False,False,False,False,True
1222163,252485,01/09/2020,6.3,4,353.2,True,False,False,False,False,True,False
1923194,361235,11/19/2022,3.1,5,443.5,True,False,False,False,False,False,True
1889296,122838,12/27/2022,7.4,3,205.2,True,False,False,True,False,False,False
1818049,79748,06/12/2020,6.3,2,177.8,False,True,False,True,False,False,False
1524270,147745,08/09/2021,4.4,3,237.1,False,True,False,False,False,False,True
1335915,472091,11/04/2021,13.3,6,584.5,True,False,False,False,False,False,True
1349199,72445,06/14/2020,6.5,3,207.8,False,False,True,False,False,True,False
1763487,67640,02/11/2022,3.6,2,152.7,False,True,False,True,False,False,False
1818275,418680,09/11/2020,2.8,6,595.1,True,False,False,False,False,True,False
1589434,92481,09/20/2022,4.8,2,144.2,False,True,False,False,False,False,True
1892089,288952,12/30/2021,3.8,5,482.7,True,False,False,True,False,False,False
1424475,170119,06/03/2021,6.4,3,290.7,True,False,False,True,False,False,False
1341599,287911,03/06/2021,8.2,5,495.0,True,False,False,True,False,False,False
1425529,75364,05/05/2020,1.8,2,143.1,False,True,False,False,False,True,False
1262329,123921,01/18/2022,2.6,3,232.3,False,True,False,False,False,True,False
1499786,338833,09/21/2022,3.3,5,479.8,True,False,False,False,False,True,False
1590084,72504,09/12/2020,8.3,2,149.6,False,True,False,True,False,False,False
1511682,373017,01/05/2020,5.0,6,562.6,True,False,False,True,False,False,False
1098627,304991,05/16/2022,4.7,4,391.0,True,False,False,False,False,False,True
1589601,233405,11/19/2020,6.1,4,302.5,True,False,False,False,False,True,False
1114449,278469,02/05/2020,6.1,4,327.5,True,False,False,False,False,False,True
1254096,228735,01/21/2022,5.2,4,347.6,True,False,False,False,False,True,False
1959348,117122,02/07/2020,6.3,2,190.4,False,True,False,False,False,False,True
1382840,439564,08/29/2020,7.0,6,591.9,True,False,False,False,False,True,False
1010303,68280,10/15/2021,7.5,2,193.1,False,False,True,False,False,True,False
1521834,171906,10/12/2022,6.9,4,300.9,True,False,False,True,False,False,False
1260450,223633,04/09/2022,7.7,4,301.7,True,False,False,False,False,False,True
1125392,150997,08/20/2021,6.3,2,188.7,True,False,False,False,False,False,True
1603814,338221,06/26/2021,2.7,5,446.5,True,False,False,False,False,False,True
1153564,181840,09/29/2021,10.2,3,248.9,True,False,False,False,False,True,False
1983870,331546,09/18/2020,5.3,5,464.1,True,False,False,False,False,True,False
1683419,77611,01/13/2021,9.3,2,181.7,False,True,False,True,False,False,False
1894664,77403,12/17/2020,4.6,3,213.3,False,False,True,False,False,False,True
1830726,205297,10/18/2022,7.9,4,357.8,True,False,False,True,False,False,False
1057717,49963,01/25/2022,5.1,2,124.9,False,True,False,False,True,False,False
1003692,46107,04/26/2022,9.5,2,119.9,False,False,True,False,False,False,True
1180108,301752,10/26/2021,3.8,4,393.2,True,False,False,False,False,False,True
1794675,338065,07/02/2021,7.2,5,476.7,True,False,False,False,False,True,False
1222764,95706,01/09/2021,2.0,2,183.5,False,True,False,False,False,True,False
1119308,163026,05/19/2022,5.7,3,234.3,True,False,False,False,False,True,False
1483214,413247,05/15/2021,9.7,6,585.5,True,False,False,False,False,True,False
1270350,202852,11/08/2021,6.2,4,340.9,True,False,False,True,False,False,False
1524886,73901,12/22/2020,8.1,3,224.0,False,False,True,False,False,True,False
1304089,227513,09/15/2020,6.7,4,342.6,True,False,False,False,False,True,False
1716276,368622,10/02/2022,5.6,6,544.1,True,False,False,False,False,True,False
1238487,163989,10/23/2021,6.2,3,291.8,True,False,False,True,False,False,False
1485528,360294,10/18/2021,1.2,5,413.4,True,False,False,False,False,False,True
1456434,336273,11/06/2021,6.6,6,523.4,True,False,False,True,False,False,False
1554195,424251,04/05/2022,5.9,5,492.9,True,False,False,False,False,False,True
1635131,115668,12/12/2022,7.2,3,237.0,False,True,False,True,False,False,False
1478757,429005,08/04/2020,3.0,6,507.7,True,False,False,False,False,False,True
1719629,80334,06/15/2020,6.1,3,228.7,False,True,False,False,True,False,False
1611917,189942,11/30/2021,5.5,4,324.3,True,False,False,True,False,False,False
1524844,395221,01/04/2021,4.2,6,553.1,True,False,False,False,False,True,False
1008474,255945,12/26/2021,2.9,6,525.6,True,False,False,False,True,False,False
1152291,85406,05/26/2021,9.0,2,172.5,False,True,False,True,False,False,False
1992173,183889,06/04/2022,7.3,4,379.7,True,False,False,False,True,False,False
1838549,255209,01/21/2022,5.5,5,498.4,True,False,False,False,True,False,False
1751128,524175,08/23/2021,11.8,6,578.2,True,False,False,False,False,False,True
1739703,89366,03/27/2020,7.5,2,193.2,False,True,False,True,False,False,False
1396236,306244,08/25/2020,5.4,5,437.4,True,False,False,False,False,True,False
1695455,278143,08/11/2022,7.5,4,376.5,True,False,False,False,False,True,False
1496691,201354,07/18/2022,8.4,4,357.4,True,False,False,True,False,False,False
1447072,41793,07/15/2022,7.7,2,114.7,False,False,True,False,False,True,False
1514943,271863,03/11/2022,6.3,4,365.3,True,False,False,False,False,False,True
1547127,189801,10/09/2021,6.0,3,242.4,True,False,False,False,False,False,True
1100296,56114,04/24/2022,4.8,3,227.6,False,False,True,False,True,False,False
1135966,310576,02/05/2020,4.3,6,528.0,True,False,False,True,False,False,False
1510125,219987,11/11/2020,7.3,3,284.3,True,False,False,False,False,False,True
1869937,213666,08/09/2020,8.3,4,352.1,True,False,False,True,False,False,False
1089350,488900,08/15/2022,4.0,6,573.4,True,False,False,False,False,False,True
1814909,49881,08/18/2020,5.4,2,131.1,False,True,False,False,True,False,False
1589459,44641,07/11/2021,6.9,2,141.3,False,False,True,True,False,False,False
1832630,164196,06/23/2021,5.2,3,252.1,True,False,False,False,False,True,False
1212908,268127,03/20/2022,7.2,5,401.1,True,False,False,False,False,True,False
1075073,248893,05/09/2021,5.0,6,500.5,True,False,False,False,True,False,False
1606793,44552,05/22/2022,8.9,2,110.8,False,False,True,False,False,False,True
1712157,121007,08/01/2020,3.4,2,198.9,False,True,False,False,False,False,True
1300675,203709,12/08/2020,6.3,3,261.4,True,False,False,False,False,False,True
1308705,366210,09/14/2020,4.2,6,504.2,True,False,False,False,False,True,False
1368897,111225,01/05/2022,2.3,2,198.2,False,True,False,False,False,True,False
1402477,339676,01/17/2022,6.6,6,587.8,True,False,False,True,False,False,False
1481065,392233,09/09/2021,9.6,6,502.7,True,False,False,False,False,False,True
1725621,188233,09/09/2022,6.5,3,255.4,True,False,False,False,False,True,False
1831368,52099,08/02/2021,6.5,2,175.7,False,False,True,True,False,False,False
1508316,279888,04/18/2021,5.3,5,467.6,True,False,False,True,False,False,False
1441668,405433,06/14/2022,7.9,6,558.2,True,False,False,False,False,False,True
1090345,152347,04/15/2022,6.9,2,197.7,True,False,False,False,False,False,True
1777842,175486,09/07/2022,7.7,3,262.8,True,False,False,False,False,True,False
1714355,493951,10/27/2021,5.2,6,549.2,True,False,False,False,False,False,True
1544679,164890,04/30/2020,8.2,3,204.1,True,False,False,False,False,False,True
1083098,259717,01/19/2021,8.5,5,455.9,True,False,False,True,False,False,False
1543643,71995,04/11/2020,9.5,2,147.1,False,True,False,True,False,False,False
1635958,187261,06/28/2021,8.7,3,241.9,True,False,False,False,False,False,True
1786922,181202,03/17/2020,7.4,4,324.8,True,False,False,True,False,False,False
1759261,474355,09/21/2021,3.5,6,549.5,True,False,False,False,False,False,True
1153698,330353,08/08/2022,2.7,6,536.8,True,False,False,True,False,False,False
1255198,384112,09/04/2021,6.2,5,471.5,True,False,False,False,False,False,True
1109373,297659,05/31/2020,5.5,5,411.5,True,False,False,False,False,True,False
1642066,316126,05/20/2020,4.4,6,511.2,True,False,False,True,False,False,False
1158664,130981,02/07/2022,7.9,3,208.3,True,False,False,True,False,False,False
1490065,199666,10/03/2022,6.7,4,359.2,True,False,False,True,False,False,False
1821287,433223,01/05/2022,7.2,6,534.3,True,False,False,False,False,False,True
1803858,191924,02/13/2021,6.8,3,263.5,True,False,False,False,False,False,True
1112412,78334,11/18/2022,2.3,3,210.0,False,False,True,False,False,False,True
1946781,48219,10/03/2021,7.2,2,147.3,False,False,True,False,False,True,False
1402994,462204,02/20/2020,6.4,6,594.8,True,False,False,False,False,False,True
1961791,360174,06/24/2022,7.7,5,493.7,True,False,False,False,False,True,False
1393123,337328,11/17/2022,10.1,6,578.3,True,False,False,True,False,False,False
1057924,258470,11/18/2020,5.1,4,328.2,True,False,False,False,False,False,True
1753375,187340,12/21/2020,5.9,3,268.9,True,False,False,False,False,True,False
1177052,137463,03/27/2022,4.7,3,228.0,True,False,False,True,False,False,False
1579865,308846,12/11/2021,9.8,5,457.3,True,False,False,False,False,True,False
1066924,172705,11/15/2021,2.1,3,294.6,True,False,False,True,False,False,False
1522055,418717,02/07/2022,5.3,5,491.1,True,False,False,False,False,False,True
1813408,354326,07/27/2022,5.3,5,438.0,True,False,False,False,False,False,True
1746294,476461,10/07/2020,4.6,6,582.9,True,False,False,False,False,False,True
1217952,279372,05/12/2020,4.3,5,421.8,True,False,False,True,False,False,False
1700997,330833,06/06/2022,2.9,6,533.5,True,False,False,True,False,False,False
1369031,246886,07/13/2020,5.6,4,346.2,True,False,False,False,False,True,False
1597966,76759,02/10/2022,5.9,3,217.4,False,False,True,False,False,True,False
1016208,352017,04/20/2022,6.7,6,554.8,True,False,False,True,False,False,False
1714708,94864,06/19/2021,8.9,2,161.4,False,True,False,False,False,False,True
1808115,88417,08/11/2021,4.5,3,229.1,False,False,True,False,False,False,True
1478969,228962,11/14/2022,6.1,3,282.0,True,False,False,False,False,False,True
1803798,134455,10/10/2020,4.9,3,221.3,True,False,False,True,False,False,False
1514859,364803,10/31/2022,4.8,5,446.0,True,False,False,False,False,False,True
1126397,211096,04/30/2020,6.1,4,318.5,True,False,False,False,False,True,False
1709185,59728,08/05/2021,2.7,2,100.6,False,True,False,False,False,False,True
1080278,411841,11/18/2020,5.5,6,557.7,True,False,False,False,False,True,False
1488289,290789,08/16/2020,8.9,6,512.7,True,False,False,True,False,False,False
1316133,78833,05/08/2021,10.2,2,171.4,False,True,False,True,False,False,False
1563185,111047,05/13/2022,2.6,2,192.7,False,True,False,False,False,False,True
1797841,232479,07/12/2020,4.8,4,392.6,True,False,False,False,False,True,False
1037241,67461,03/22/2021,4.2,2,134.3,False,True,False,False,False,True,False
1886746,96772,05/07/2021,3.3,2,161.9,False,True,False,False,False,False,True
1325072,92969,08/07/2021,4.3,3,236.4,False,False,True,False,False,False,True
1075714,345296,07/05/2021,4.0,5,479.5,True,False,False,False,False,True,False
1605886,98549,12/31/2021,8.0,2,159.2,False,True,False,False,False,False,True
1523311,54064,11/21/2022,1.6,2,183.5,False,False,True,True,False,False,False
1680026,283064,06/01/2022,5.4,4,394.4,True,False,False,False,False,True,False
1565964,403568,05/20/2021,9.3,6,551.4,True,False,False,False,False,True,False
1458402,94519,06/27/2022,4.9,3,218.2,False,True,False,True,False,False,False
1423205,66608,12/07/2020,7.9,2,123.8,False,True,False,False,False,True,False
1177831,93205,06/24/2022,3.6,2,154.2,False,True,False,False,False,False,True
1504579,311847,06/12/2022,6.4,4,384.7,True,False,False,False,False,False,True
1540625,35859,11/15/2020,4.2,2,102.7,False,True,False,False,True,False,False
1710511,212919,09/27/2020,6.7,3,284.7,True,False,False,False,False,True,False
1580389,70597,10/07/2020,8.8,3,221.9,False,False,True,True,False,False,False
1299944,79892,11/11/2021,8.3,2,191.3,False,False,True,False,False,False,True
1195361,138309,11/12/2021,6.8,2,185.0,True,False,False,False,False,False,True
1628360,389945,08/18/2022,6.7,6,555.7,True,False,False,False,False,True,False
1568948,144688,01/29/2020,6.3,3,234.2,False,True,False,False,False,False,True
1749780,89660,09/18/2021,3.6,2,181.9,False,True,False,False,False,True,False
1078506,262748,09/25/2020,7.8,5,414.8,True,False,False,True,False,False,False
1787707,371557,05/17/2022,4.3,5,446.9,True,False,False,False,False,False,True
1299762,340683,11/17/2022,4.5,5,462.7,True,False,False,False,False,False,True
1808231,175710,07/02/2020,9.5,3,297.9,True,False,False,True,False,False,False
1628206,36443,02/18/2022,8.5,2,100.8,False,True,False,False,True,False,False
1131614,215104,01/25/2021,7.8,4,360.1,True,False,False,True,False,False,False
1181220,208935,11/03/2022,6.2,4,325.8,True,False,False,True,False,False,False
1056537,254916,03/25/2020,3.2,4,370.9,True,False,False,False,False,True,False
1520135,50125,08/15/2022,3.9,2,147.3,False,True,False,False,True,False,False
1590523,85661,06/10/2020,4.9,2,192.8,False,True,False,True,False,False,False
1215038,413320,05/07/2022,7.7,6,556.0,True,False,False,False,False,True,False
1172658,198261,04/09/2021,3.7,3,243.0,True,False,False,False,False,False,True
1539811,171893,01/17/2022,7.8,3,281.1,True,False,False,True,False,False,False
1542018,312597,09/04/2020,3.9,5,458.1,True,False,False,False,False,True,False
1402635,435408,08/24/2022,5.9,6,530.8,True,False,False,False,False,False,True
1058243,190773,03/31/2020,7.3,3,278.8,True,False,False,False,False,True,False
1843860,113923,05/22/2022,3.5,2,197.2,False,True,False,False,False,False,True
1489216,71007,01/01/2020,6.1,2,159.5,False,True,False,True,False,False,False
1322842,327095,05/21/2020,4.8,5,450.6,True,False,False,False,False,False,True
1346419,253259,11/18/2021,0.9,5,413.6,True,False,False,True,False,False,False
1777162,219293,05/28/2022,6.9,3,268.0,True,False,False,False,False,False,True
1153336,70274,08/16/2022,8.6,2,199.4,False,False,True,False,False,True,False
1440880,302980,09/02/2022,7.1,5,447.2,True,False,False,False,False,True,False
1948897,118429,02/21/2022,5.8,3,222.3,False,True,False,False,False,True,False
1229502,124941,07/07/2020,2.1,2,187.0,False,True,False,False,False,False,True
1334370,285345,06/27/2020,7.4,5,401.5,True,False,False,False,False,True,False
1094961,397272,11/23/2021,3.9,6,568.3,True,False,False,False,False,True,False
1133703,363335,02/20/2021,7.7,5,488.3,True,False,False,False,False,True,False
1377408,50398,11/04/2020,6.4,2,133.5,False,True,False,False,True,False,False
1985931,56394,04/11/2021,9.5,2,109.1,False,True,False,False,False,True,False
1899911,410844,10/17/2020,7.9,6,568.1,True,False,False,False,False,True,False
1005543,288162,11/10/2021,0.9,6,507.3,True,False,False,True,False,False,False
1298872,90193,01/19/2022,0.5,3,227.9,False,False,True,False,False,False,True
1271670,217265,08/07/2022,8.5,3,297.1,True,False,False,False,False,True,False
1664387,311544,03/06/2020,5.5,6,529.2,True,False,False,True,False,False,False
1393613,343017,05/21/2021,3.3,6,501.9,True,False,False,False,False,False,True
1578405,62417,12/06/2020,7.8,2,130.4,False,True,False,False,False,True,False
1928410,365837,02/29/2020,5.5,6,533.3,True,False,False,False,False,True,False
1968393,322601,12/14/2022,5.3,6,558.7,True,False,False,True,False,False,False
1553485,247777,08/15/2020,7.3,4,379.7,True,False,False,False,False,True,False
1522393,86379,06/08/2021,8.6,2,160.2,False,True,False,False,False,True,False
1978333,30409,08/21/2022,4.7,2,105.3,False,False,True,True,False,False,False
1600667,152308,01/23/2020,6.3,2,189.9,True,False,False,False,False,False,True
1921962,307562,08/27/2020,7.6,5,448.3,True,False,False,False,False,True,False
1763722,287027,06/14/2022,7.3,5,466.0,True,False,False,True,False,False,False
1879149,35523,12/05/2022,7.8,2,125.0,False,False,True,False,True,False,False
1880734,208833,06/06/2020,5.4,4,346.8,True,False,False,True,False,False,False
1042002,193805,06/21/2021,3.5,3,289.7,True,False,False,False,False,True,False
1758275,236748,11/17/2022,5.6,4,319.8,True,False,False,False,False,True,False
1449920,99443,11/05/2022,2.0,3,205.4,False,True,False,False,False,True,False
1966984,96686,09/11/2021,6.7,2,173.2,False,True,False,False,False,False,True
1604376,292180,03/02/2020,7.0,4,365.3,True,False,False,False,False,False,True
1223659,210480,08/26/2022,8.0,3,296.9,True,False,False,False,False,True,False
1421948,282749,06/26/2021,5.2,6,569.6,True,False,False,False,True,False,False
1506497,173809,11/20/2022,7.4,4,327.6,True,False,False,False,True,False,False
1929133,295043,03/20/2020,4.3,5,462.5,True,False,False,False,False,True,False
1845611,226280,08/03/2020,4.3,4,395.8,True,False,False,True,False,False,False
1458664,158188,10/21/2021,6.7,4,323.2,True,False,False,False,True,False,False
1186775,193180,12/31/2021,5.7,3,297.6,True,False,False,False,False,True,False
1093829,249038,04/06/2021,7.3,4,311.4,True,False,False,False,False,False,True
1594137,347209,04/20/2022,7.8,5,428.0,True,False,False,False,False,False,True
1113560,417955,12/22/2020,7.3,6,592.8,True,False,False,False,False,True,False
1779049,405747,07/05/2020,5.4,6,560.6,True,False,False,False,False,True,False
1301881,44574,10/06/2021,3.0,2,105.2,False,True,False,True,False,False,False
1402235,223049,03/22/2021,8.8,4,368.1,True,False,False,True,False,False,False
1431486,353427,09/20/2022,2.5,5,491.1,True,False,False,False,False,True,False
1024381,266265,09/03/2022,3.9,6,521.5,True,False,False,False,True,False,False
1353725,315482,07/29/2020,9.1,4,389.5,True,False,False,False,False,False,True
1523560,309805,10/27/2022,5.2,6,519.4,True,False,False,True,False,False,False
1196305,140642,02/26/2020,4.6,3,236.7,True,False,False,True,False,False,False
1518166,235179,06/21/2021,7.1,5,438.2,True,False,False,False,True,False,False
1647367,42211,12/05/2022,4.2,2,167.9,False,False,True,False,True,False,False
1333750,211318,09/23/2020,4.5,4,304.8,True,False,False,False,False,True,False
1150035,91539,01/17/2022,3.4,3,221.8,False,True,False,True,False,False,False
1063253,379145,11/14/2021,5.8,5,492.5,True,False,False,False,False,True,False
1425224,50733,11/27/2021,8.1,2,107.6,False,True,False,False,False,True,False
1651736,68686,05/31/2020,5.1,2,155.9,False,True,False,True,False,False,False
1864928,238102,08/29/2021,0.3,4,304.7,True,False,False,False,False,False,True
1077347,210225,08/31/2021,5.6,4,339.4,True,False,False,True,False,False,False
1969997,451084,07/27/2021,9.7,6,577.7,True,False,False,False,False,False,True
1501099,283325,09/06/2022,5.1,5,487.5,True,False,False,True,False,False,False
1888872,241845,07/20/2021,6.2,5,493.9,True,False,False,False,True,False,False
1124648,308116,03/11/2020,6.0,6,528.8,True,False,False,True,False,False,False
1495259,322771,02/15/2021,5.5,5,454.5,True,False,False,False,False,True,False
1948028,308585,01/09/2022,4.6,5,415.2,True,False,False,False,False,True,False
1044250,68511,09/12/2021,6.0,2,192.7,False,False,True,False,False,True,False
1737424,337045,06/03/2020,5.5,6,599.2,True,False,False,True,False,False,False
1100889,218489,01/18/2020,4.1,5,440.6,True,False,False,False,True,False,False
1471451,200649,09/28/2021,10.6,4,316.9,True,False,False,True,False,False,False
1742552,213842,09/06/2020,4.9,4,370.2,True,False,False,True,False,False,False
1711759,201874,11/16/2020,3.7,5,408.3,True,False,False,False,True,False,False
1053842,334180,05/16/2021,6.1,5,446.5,True,False,False,False,False,True,False
1397015,411825,04/09/2020,7.1,6,578.0,True,False,False,False,False,True,False
1144422,48517,03/21/2020,8.8,2,128.1,False,True,False,False,True,False,False
1160218,65783,12/29/2022,3.5,2,140.3,False,True,False,True,False,False,False
1364397,85774,01/02/2021,7.3,3,219.2,False,False,True,False,False,False,True
1090643,305999,06/18/2020,8.0,5,434.7,True,False,False,False,False,True,False
1036231,210386,10/22/2022,6.7,3,297.5,True,False,False,False,False,True,False
1001061,68536,12/02/2022,6.1,2,199.4,False,False,True,False,False,True,False
1308478,103346,12/22/2020,6.3,2,191.6,False,True,False,False,False,True,False
1836537,498989,11/23/2021,6.1,6,592.4,True,False,False,False,False,False,True
1436574,89590,02/29/2020,4.4,3,234.4,False,False,True,False,False,False,True
1659015,281059,02/26/2020,1.1,5,414.2,True,False,False,False,False,True,False
1554252,178119,08/06/2021,7.7,3,223.5,True,False,False,False,False,False,True
1592057,427270,02/08/2022,4.4,6,524.8,True,False,False,False,False,False,True
1449995,249276,06/19/2020,3.2,4,323.6,True,False,False,False,False,False,True
1000560,52255,08/15/2022,7.6,2,158.3,False,False,True,False,False,True,False
1958763,73098,03/12/2021,5.4,2,177.9,False,False,True,False,False,False,True
1934697,276106,12/20/2020,3.9,4,339.9,True,False,False,False,False,False,True
1267549,171368,05/07/2021,8.9,3,268.0,True,False,False,True,False,False,False
1100996,258939,07/05/2021,9.6,5,432.2,True,False,False,True,False,False,False
1870398,47778,09/13/2022,6.6,2,103.1,False,True,False,True,False,False,False
1962071,181934,12/19/2022,8.2,3,274.9,True,False,False,False,False,True,False
1518799,76163,03/09/2022,4.1,2,171.9,False,True,False,True,False,False,False
1951333,42606,08/06/2020,2.7,2,112.6,False,True,False,False,True,False,False
1647240,199213,05/27/2020,6.4,3,267.4,True,False,False,False,False,True,False
1264197,101772,10/03/2022,7.1,3,202.8,False,True,False,False,False,True,False
1039697,78557,11/22/2022,8.2,2,148.7,False,True,False,False,False,True,False
1990551,72702,05/25/2021,6.6,2,188.4,False,True,False,False,True,False,False
1314817,253307,09/03/2020,6.9,4,393.7,True,False,False,False,False,True,False
1519525,77575,01/14/2022,6.3,2,151.1,False,True,False,False,False,True,False
1834724,263607,01/15/2022,5.8,6,579.5,True,False,False,False,True,False,False
1238706,210502,05/07/2021,3.1,3,271.2,True,False,False,False,False,False,True
1568879,431147,05/08/2020,6.8,6,529.3,True,False,False,False,False,False,True
1228731,247463,02/21/2021,1.4,4,390.0,True,False,False,False,False,True,False
1212594,258385,08/12/2021,3.3,5,438.3,True,False,False,True,False,False,False
1070741,100162,12/04/2022,3.0,2,197.7,False,True,False,False,False,True,False
1567942,376129,11/25/2020,5.4,6,580.5,True,False,False,True,False,False,False
1202769,243084,08/21/2021,6.6,5,482.1,True,False,False,False,True,False,False
1816052,96532,01/18/2020,7.1,2,164.1,False,True,False,False,False,True,False
1817238,280056,12/05/2020,8.6,5,457.0,True,False,False,True,False,False,False
1059868,389121,07/05/2020,9.2,6,545.8,True,False,False,False,False,True,False
1388857,345957,05/04/2022,9.1,5,470.7,True,False,False,False,False,True,False
1581097,271507,10/21/2020,7.5,4,392.6,True,False,False,False,False,True,False
1331622,381838,01/25/2022,6.5,5,472.6,True,False,False,False,False,False,True
1702425,173179,09/09/2022,5.0,3,247.2,True,False,False,False,False,True,False
1192303,184443,06/05/2021,6.3,4,308.3,True,False,False,False,False,True,False
1738321,424864,06/22/2022,4.6,6,535.5,True,False,False,False,False,False,True
1308006,42939,02/02/2021,5.6,2,171.2,False,False,True,False,True,False,False
1413882,261822,03/21/2021,8.9,5,413.8,True,False,False,True,False,False,False
1687655,366486,03/06/2021,2.7,6,536.5,True,False,False,False,False,False,True
1796812,184171,11/10/2020,5.0,4,372.9,True,False,False,False,True,False,False
1409944,295921,02/04/2021,8.7,5,426.0,True,False,False,False,False,True,False
1554227,317831,05/20/2020,3.7,5,489.6,True,False,False,False,False,True,False
1741874,85374,02/06/2021,6.3,2,144.6,False,True,False,False,False,True,False
1623676,323563,11/29/2022,7.1,5,407.0,True,False,False,False,False,False,True
1283593,39121,11/27/2020,3.3,2,109.9,False,False,True,False,False,True,False
1521813,90597,05/28/2022,6.8,2,168.7,False,True,False,False,False,True,False
1482400,371680,04/27/2022,6.6,6,540.3,True,False,False,False,False,True,False
1331185,130449,06/23/2020,3.9,2,188.2,True,False,False,False,False,True,False
1035488,332120,01/20/2021,9.2,5,416.6,True,False,False,False,False,True,False
1968153,78907,02/25/2022,6.7,2,157.5,False,True,False,False,False,True,False
1352826,37850,05/07/2021,6.5,2,150.3,False,False,True,False,True,False,False
1586558,85866,09/23/2022,7.2,3,210.8,False,True,False,False,True,False,False
1741272,70910,11/15/2022,6.0,3,238.9,False,False,True,True,False,False,False
1289045,117159,01/11/2022,2.6,3,228.4,False,True,False,False,False,True,False
1962455,369711,10/13/2021,5.6,6,564.7,True,False,False,False,False,True,False
1540109,75565,06/25/2022,5.3,2,183.9,False,False,True,False,False,False,True
1803188,123638,10/28/2021,7.6,3,250.5,True,False,False,False,True,False,False
1476842,42444,07/01/2021,8.9,2,116.4,False,True,False,False,True,False,False
1075463,283552,03/11/2022,5.3,5,402.4,True,False,False,False,False,True,False
1773996,198379,10/27/2021,10.8,4,310.2,True,False,False,True,False,False,False
1794958,247856,09/22/2020,5.7,4,330.9,True,False,False,False,False,False,True
1205878,193345,12/08/2021,6.1,4,325.5,True,False,False,True,False,False,False
1013370,70904,10/31/2022,4.0,3,201.4,False,False,True,False,False,True,False
1481334,277215,04/08/2020,4.6,4,383.3,True,False,False,False,False,True,False
1706569,212592,07/21/2020,5.1,5,409.8,True,False,False,False,True,False,False
1894462,328301,12/27/2021,5.7,6,558.7,True,False,False,True,False,False,False
1915911,258819,01/24/2021,6.7,5,470.3,True,False,False,True,False,False,False
1110131,184744,08/11/2021,6.7,4,371.0,True,False,False,False,True,False,False
1951794,153171,07/05/2021,5.5,3,269.5,True,False,False,True,False,False,False
1552012,224280,11/29/2021,9.6,4,357.0,True,False,False,True,False,False,False
1498610,54568,08/28/2020,3.3,2,119.6,False,True,False,True,False,False,False
1473607,95711,06/12/2020,8.3,2,152.2,False,True,False,False,False,False,True
1829043,245588,05/11/2022,9.5,6,510.5,True,False,False,False,True,False,False
1219625,343559,06/15/2022,7.8,5,477.0,True,False,False,False,False,True,False
1760373,185518,05/12/2021,5.3,3,282.4,True,False,False,False,False,True,False
1115076,179828,05/04/2021,7.8,4,349.5,True,False,False,False,True,False,False
1866179,216174,08/29/2021,7.4,3,294.2,True,False,False,False,False,True,False
1328735,73965,08/08/2020,5.7,2,194.4,False,True,False,False,True,False,False
1423023,317996,01/08/2020,6.0,6,567.8,True,False,False,True,False,False,False
1144044,186399,03/17/2020,7.2,4,308.2,True,False,False,True,False,False,False
1961446,224027,12/21/2022,8.1,4,330.4,True,False,False,False,False,True,False
1431438,247400,04/28/2022,7.9,3,283.0,True,False,False,False,False,False,True
1164773,468873,01/16/2022,6.6,6,592.4,True,False,False,False,False,False,True
1061050,67383,08/25/2020,5.3,3,225.1,False,False,True,True,False,False,False
1506794,42964,08/25/2020,9.9,2,112.5,False,True,False,False,True,False,False
1344855,367503,04/16/2022,6.9,6,538.6,True,False,False,False,False,True,False
1853431,98118,12/27/2021,3.9,2,182.6,False,True,False,False,False,True,False
1016972,50031,01/03/2021,6.2,2,156.3,False,False,True,True,False,False,False
1095449,367056,03/06/2020,6.6,5,430.5,True,False,False,False,False,False,True
1510999,234628,02/09/2020,6.0,4,328.3,True,False,False,False,False,True,False
1938787,68016,09/01/2021,7.9,3,221.1,False,False,True,True,False,False,False
1107600,344442,10/12/2022,6.1,5,486.4,True,False,False,False,False,False,True
1457516,42541,05/20/2021,5.7,2,119.8,False,False,True,False,False,True,False
1124601,48378,07/05/2020,5.8,2,188.5,False,False,True,False,True,False,False
1588234,70552,01/27/2022,5.1,2,196.4,False,False,True,False,False,False,True
1405932,196322,10/08/2022,5.5,3,267.4,True,False,False,False,False,True,False
1951865,87231,04/10/2021,6.8,3,218.2,False,False,True,False,False,False,True
1789052,82910,04/12/2020,3.9,3,216.4,False,False,True,False,False,False,True
1289654,228617,03/10/2020,7.4,4,331.2,True,False,False,False,False,True,False
1500973,51815,01/17/2020,6.4,2,114.0,False,True,False,True,False,False,False
1389463,174751,07/16/2022,7.5,3,269.0,True,False,False,False,False,True,False
1415982,181364,04/19/2020,4.9,3,295.4,True,False,False,True,False,False,False
1773583,68446,04/22/2022,4.8,2,139.8,False,True,False,False,False,True,False
1148943,344711,09/03/2020,5.4,5,434.5,True,False,False,False,False,False,True
1590146,238853,02/05/2020,10.0,4,351.5,True,False,False,False,False,True,False
1156244,61053,05/20/2022,4.3,2,117.3,False,True,False,False,False,True,False
1881976,362490,11/27/2020,6.4,6,511.2,True,False,False,False,False,True,False
1917269,357339,03/23/2020,8.2,6,575.6,True,False,False,True,False,False,False
1255852,260542,03/24/2020,4.2,4,315.0,True,False,False,False,False,False,True
1447311,117266,08/12/2021,10.3,3,233.6,False,True,False,False,False,True,False
1545697,108806,03/03/2020,3.9,2,170.7,False,True,False,False,False,False,True
1665606,210465,12/16/2022,4.4,3,293.9,True,False,False,False,False,True,False
1069769,323443,11/17/2021,5.1,6,512.0,True,False,False,True,False,False,False
1708767,259551,02/02/2021,5.3,6,509.0,True,False,False,False,True,False,False
1139939,156952,03/14/2020,1.1,4,312.4,True,False,False,False,True,False,False
1111613,85414,10/03/2020,8.7,3,200.6,False,False,True,False,False,False,True
1258389,78201,10/05/2021,6.8,2,143.0,False,True,False,False,False,True,False
1977134,340499,03/17/2020,7.9,5,483.9,True,False,False,False,False,True,False
1447979,88457,04/05/2022,7.0,3,229.0,False,False,True,False,False,False,True
1069999,103904,03/20/2021,5.7,3,201.4,False,True,False,False,False,True,False
1471178,312916,05/30/2021,3.7,6,510.3,True,False,False,True,False,False,False
1965504,326947,10/16/2020,5.3,6,595.4,True,False,False,True,False,False,False
1915660,173510,05/28/2021,1.7,3,246.3,True,False,False,False,False,True,False
1676284,251761,09/18/2021,7.3,5,413.7,True,False,False,True,False,False,False
1577564,52314,12/25/2020,2.8,2,136.4,False,True,False,False,True,False,False
1737085,308957,05/30/2020,7.4,5,440.8,True,False,False,False,False,True,False
1662900,170881,10/17/2022,5.0,4,320.1,True,False,False,False,True,False,False
1331466,74571,12/21/2021,7.4,3,224.8,False,False,True,False,False,True,False
1966170,201944,04/12/2022,5.6,5,417.4,True,False,False,False,True,False,False
1634146,225857,02/10/2021,4.2,4,373.0,True,False,False,True,False,False,False
1106962,67681,10/31/2020,2.6,2,165.2,False,True,False,True,False,False,False
1372799,346567,09/13/2020,5.1,5,464.0,True,False,False,False,False,True,False
1039235,263480,01/09/2021,6.1,3,299.6,True,False,False,False,False,False,True
1364208,137885,03/28/2020,6.6,2,197.2,True,False,False,False,False,True,False
1717737,35872,09/02/2020,7.0,2,103.1,False,False,True,False,False,True,False
1131154,259608,12/08/2020,4.6,4,358.3,True,False,False,False,False,False,True
1029611,236422,05/30/2020,8.0,3,274.2,True,False,False,False,False,False,True
1425871,338521,09/05/2022,2.8,5,489.3,True,False,False,False,False,True,False
1468470,352623,02/17/2020,4.4,5,444.8,True,False,False,False,False,False,True
1281520,60305,05/10/2020,9.3,2,122.6,False,True,False,False,False,True,False
1753521,324784,04/17/2022,6.4,6,511.2,True,False,False,False,False,True,False
1785806,123618,01/21/2021,8.9,3,215.6,False,True,False,False,False,True,False
1506481,320488,12/27/2020,5.0,4,397.3,True,False,False,False,False,False,True
1838054,260472,07/09/2020,6.2,4,393.2,True,False,False,False,False,True,False
1270577,174568,07/28/2021,5.4,4,356.2,True,False,False,False,True,False,False
1346201,287572,03/17/2021,11.0,5,460.7,True,False,False,False,False,True,False
1442834,65041,10/01/2020,8.5,2,114.5,False,True,False,False,False,False,True
1766102,407022,11/03/2020,8.5,6,518.9,True,False,False,False,False,False,True
1644433,217615,08/09/2022,6.0,4,337.8,True,False,False,True,False,False,False
1774649,114223,08/28/2021,5.0,3,207.5,False,True,False,False,False,True,False
1685898,276476,05/29/2022,8.0,4,381.1,True,False,False,False,False,True,False
1613830,287666,10/22/2020,6.5,5,408.3,True,False,False,False,False,True,False
1159842,72206,03/23/2020,7.4,2,136.3,False,True,False,False,False,True,False
1561787,65832,04/12/2021,9.3,3,228.0,False,False,True,True,False,False,False
1839750,330436,09/17/2021,6.2,5,407.4,True,False,False,False,False,False,True
1469407,165859,10/28/2020,3.6,4,334.5,True,False,False,False,True,False,False
1015154,347114,09/11/2021,3.9,6,594.1,True,False,False,True,False,False,False
1446293,177780,12/21/2021,6.7,4,371.8,True,False,False,False,True,False,False
1572336,180195,01/12/2022,9.4,3,251.3,True,False,False,False,False,True,False
1002467,274324,10/14/2021,5.9,4,389.2,True,False,False,False,False,True,False
1620607,221774,05/22/2020,4.7,3,269.2,True,False,False,False,False,False,True
1024734,334409,05/07/2021,5.8,4,394.2,True,False,False,False,False,False,True
1684459,234740,08/18/2022,4.7,4,392.0,True,False,False,True,False,False,False
1511664,314015,12/18/2022,9.8,6,538.9,True,False,False,True,False,False,False
1887614,188134,06/02/2021,6.2,5,411.4,True,False,False,False,True,False,False
1022318,284773,04/09/2021,8.4,6,567.0,True,False,False,False,True,False,False
1786470,43988,05/17/2020,3.7,2,126.6,False,False,True,False,False,True,False
1162561,233325,07/29/2021,0.3,4,308.0,True,False,False,False,False,True,False
1875029,50924,05/30/2022,5.2,2,166.1,False,False,True,True,False,False,False
1248897,233743,07/25/2021,5.8,4,388.7,True,False,False,True,False,False,False
1372861,241855,01/18/2020,8.5,5,409.8,True,False,False,True,False,False,False
1789914,148491,01/30/2022,4.9,3,254.0,True,False,False,True,False,False,False
1574233,363816,05/02/2021,7.6,5,439.6,True,False,False,False,False,False,True
1112457,165418,10/11/2022,7.8,3,258.6,True,False,False,True,False,False,False
1664987,68206,10/13/2022,5.9,2,168.6,False,True,False,False,True,False,False
1005041,93773,04/30/2021,7.4,2,180.4,False,True,False,False,False,True,False
1801442,40589,04/01/2021,4.2,2,167.1,False,False,True,False,True,False,False
1721787,339689,11/01/2020,5.6,6,561.7,True,False,False,True,False,False,False
1173156,360183,04/11/2020,9.6,5,451.8,True,False,False,False,False,False,True
1172057,155547,03/04/2022,4.1,3,233.1,True,False,False,False,False,True,False
1842727,77152,07/14/2022,5.8,2,142.1,False,True,False,False,False,True,False
1185632,392669,10/06/2021,4.8,6,526.6,True,False,False,False,False,True,False
1250952,55805,08/23/2022,4.1,2,115.5,False,True,False,False,False,True,False
1814924,403145,04/10/2022,5.7,5,489.8,True,False,False,False,False,False,True
1430379,389722,03/09/2020,7.1,6,583.8,True,False,False,False,False,True,False
1267895,68195,01/27/2020,7.2,2,184.3,False,False,True,False,False,True,False
1412171,161796,12/15/2022,6.8,3,267.1,True,False,False,True,False,False,False
1504480,67558,05/26/2022,6.1,3,202.7,False,False,True,False,False,True,False
1571001,241740,12/01/2020,6.1,4,359.5,True,False,False,False,False,True,False
1294562,58457,03/23/2021,3.6,2,157.6,False,False,True,False,False,True,False
1718951,174371,01/19/2020,9.1,3,262.8,True,False,False,False,False,True,False
1622511,476693,07/20/2020,6.5,6,592.2,True,False,False,False,False,True,False
1807462,88081,11/28/2020,3.9,3,207.8,False,False,True,False,False,False,True
1302612,368322,07/03/2020,7.8,5,494.0,True,False,False,False,False,False,True
1915646,286151,05/18/2020,8.8,5,415.8,True,False,False,False,False,True,False
1780110,260529,10/30/2020,7.2,6,509.3,True,False,False,False,True,False,False
1159165,81247,09/22/2020,4.3,2,177.0,False,True,False,True,False,False,False
1199977,366429,10/21/2021,8.7,6,596.2,True,False,False,True,False,False,False
1981624,239489,07/15/2022,7.5,4,347.8,True,False,False,False,False,True,False
1288867,197706,10/10/2022,5.2,3,290.3,True,False,False,False,False,True,False
1100877,62884,08/25/2022,6.7,2,173.7,False,False,True,False,False,True,False
1908868,296081,08/04/2021,4.3,4,366.1,True,False,False,False,False,False,True
1888662,91123,07/18/2020,7.7,3,229.2,False,False,True,False,False,False,True
1239692,321757,03/03/2022,4.3,5,421.2,True,False,False,False,False,True,False
1909044,269052,01/27/2020,8.1,5,403.7,True,False,False,False,False,True,False
1907452,268199,03/22/2022,5.9,4,335.3,True,False,False,False,False,False,True
1522611,304573,08/26/2022,5.9,6,531.4,True,False,False,True,False,False,False
1822825,252017,03/15/2020,5.4,5,441.2,True,False,False,True,False,False,False
1321599,231024,04/04/2021,5.4,4,379.0,True,False,False,True,False,False,False
1725013,317451,05/21/2021,2.8,6,586.8,True,False,False,False,True,False,False
1162727,361850,06/18/2020,6.2,6,543.0,True,False,False,False,False,True,False
1221730,175980,11/17/2021,6.9,3,290.4,True,False,False,True,False,False,False
1376443,49373,01/10/2021,7.3,2,110.4,False,True,False,True,False,False,False
1018192,215994,10/03/2022,3.7,3,285.8,True,False,False,False,False,True,False
1486695,146325,11/08/2021,4.8,3,269.5,True,False,False,True,False,False,False
1414031,210698,12/01/2021,5.6,4,359.7,True,False,False,True,False,False,False
1971958,257087,05/15/2022,8.1,4,312.2,True,False,False,False,False,False,True
1559666,143042,02/19/2021,6.3,3,224.5,False,True,False,False,False,False,True
1483354,71327,07/31/2021,7.9,2,171.7,False,True,False,True,False,False,False
1323032,67360,05/18/2022,8.0,3,224.8,False,False,True,True,False,False,False
1738123,140183,07/31/2021,7.2,3,248.6,True,False,False,True,False,False,False
1252919,63106,06/02/2021,7.8,2,184.5,False,False,True,False,False,True,False
1922596,334547,10/04/2020,8.0,5,489.5,True,False,False,False,False,True,False
1896466,168085,12/09/2020,6.7,3,270.0,True,False,False,True,False,False,False
1553979,408670,11/24/2021,9.5,6,550.4,True,False,False,False,False,True,False
1996575,342201,05/06/2020,6.3,6,569.1,True,False,False,True,False,False,False
1039673,139799,06/13/2022,9.5,3,284.5,True,False,False,False,True,False,False
1801019,405622,04/27/2022,2.1,6,505.4,True,False,False,False,False,False,True
1083409,82462,01/17/2022,5.7,3,212.2,False,False,True,False,False,False,True
1813005,302958,09/17/2022,2.3,5,405.1,True,False,False,False,False,True,False
1686489,403052,11/20/2020,3.8,6,520.5,True,False,False,False,False,False,True
1667019,435345,07/01/2020,5.9,5,498.5,True,False,False,False,False,False,True
1169418,304559,12/19/2022,8.9,5,405.6,True,False,False,False,False,True,False
1959736,356640,04/07/2020,6.1,6,524.2,True,False,False,False,False,True,False
1282341,320857,10/25/2022,6.0,5,499.0,True,False,False,False,False,True,False
1202977,90544,01/05/2020,3.8,2,176.1,False,True,False,False,False,True,False
1595398,274740,11/19/2021,3.0,4,341.6,True,False,False,False,False,False,True
1952316,63788,09/27/2021,7.4,2,159.4,False,True,False,True,False,False,False
1993301,236992,01/26/2020,4.0,5,478.1,True,False,False,False,True,False,False
1464318,311956,06/20/2021,7.6,6,588.4,True,False,False,False,True,False,False
1597795,178538,05/17/2022,3.6,3,291.0,True,False,False,True,False,False,False
1794617,188435,02/05/2022,6.1,5,430.0,True,False,False,False,True,False,False
1360104,356705,04/16/2021,7.6,6,509.9,True,False,False,False,False,True,False
1242269,284860,09/15/2022,5.9,5,401.9,True,False,False,False,False,True,False
1674446,84761,03/18/2021,8.5,2,141.5,False,True,False,False,False,False,True
1188960,86435,06/06/2021,4.8,2,175.4,False,True,False,True,False,False,False
1212646,59268,01/23/2020,6.2,2,138.6,False,True,False,True,False,False,False
1196865,390847,10/24/2021,5.5,5,453.0,True,False,False,False,False,False,True
1335815,363896,06/01/2020,7.0,6,520.7,True,False,False,False,False,True,False
1590384,330314,01/05/2021,3.6,6,576.7,True,False,False,True,False,False,False
1735848,77489,09/20/2021,5.7,2,153.3,False,True,False,False,False,True,False
1788894,169412,01/20/2021,5.6,3,255.3,True,False,False,False,False,True,False
1324006,423222,10/12/2022,4.9,6,537.5,True,False,False,False,False,False,True
1690955,47007,05/11/2021,7.1,2,134.4,False,False,True,False,False,True,False
1602378,349545,11/12/2022,5.1,5,423.9,True,False,False,False,False,False,True
1851633,337862,11/26/2021,5.6,5,490.4,True,False,False,False,False,True,False
1437062,324921,07/17/2022,8.5,5,419.3,True,False,False,False,False,False,True
1985334,94017,12/30/2020,8.1,3,234.4,False,True,False,False,True,False,False
1424372,43895,07/02/2022,3.0,2,127.5,False,False,True,False,False,True,False
1705785,56607,01/09/2020,8.0,2,152.6,False,True,False,False,True,False,False
1227683,327157,07/27/2020,6.6,5,419.7,True,False,False,False,False,False,True
1519404,406021,11/26/2020,6.9,6,527.2,True,False,False,False,False,False,True
1457160,398608,10/30/2021,3.4,6,516.1,True,False,False,False,False,False,True
1405749,215582,12/31/2021,3.8,5,435.3,True,False,False,False,True,False,False
1774093,133715,04/12/2022,8.7,3,277.6,True,False,False,False,True,False,False
1057800,201733,04/26/2021,5.4,4,317.9,True,False,False,True,False,False,False
1113494,347667,07/09/2020,3.3,5,499.0,True,False,False,True,False,False,False
1373996,204116,07/20/2021,6.8,3,262.5,True,False,False,False,False,False,True
1036594,186845,08/24/2021,6.7,4,385.8,True,False,False,False,True,False,False
1981273,128704,02/12/2022,6.8,3,214.5,False,True,False,False,False,False,True
1796408,147682,04/12/2021,3.8,3,265.1,True,False,False,True,False,False,False
1088339,321299,07/16/2021,7.1,4,383.3,True,False,False,False,False,False,True
1841015,203412,02/22/2021,7.9,4,336.5,True,False,False,True,False,False,False
1409495,451050,10/31/2021,5.3,6,598.3,True,False,False,False,False,True,False
1797302,295448,01/20/2020,7.2,5,439.9,True,False,False,False,False,True,False
1195258,464918,11/05/2022,5.8,6,574.0,True,False,False,False,False,False,True
1093717,253079,12/29/2021,8.3,4,313.6,True,False,False,False,False,False,True
1647521,187265,06/16/2022,7.7,5,404.7,True,False,False,False,True,False,False
1760967,114086,07/05/2022,4.6,3,206.9,False,True,False,False,False,True,False
1044550,438907,11/17/2022,7.7,6,562.8,True,False,False,False,False,False,True
1862298,260903,11/25/2020,2.3,4,371.7,True,False,False,False,False,True,False
1155292,34129,11/30/2022,4.3,2,151.4,False,False,True,False,True,False,False
1825270,135718,07/28/2022,7.2,3,239.0,False,True,False,False,False,True,False
1551646,333605,10/22/2022,6.4,6,505.6,True,False,False,False,False,True,False
1152481,88669,07/31/2020,4.7,2,173.7,False,True,False,False,False,True,False
1237327,176754,04/18/2022,2.1,4,384.0,True,False,False,False,True,False,False
1123598,99817,05/26/2022,8.8,2,152.7,False,True,False,False,False,False,True
1166899,244567,11/05/2021,4.2,5,492.6,True,False,False,False,True,False,False
1869786,289384,04/12/2020,5.8,5,460.8,True,False,False,True,False,False,False
1713446,285519,09/21/2020,8.3,6,588.2,True,False,False,False,True,False,False
1001379,296463,06/16/2020,8.8,5,400.5,True,False,False,False,False,True,False
1569333,64034,02/09/2022,8.8,3,201.1,False,False,True,False,False,True,False
1504899,279409,04/05/2021,5.3,4,350.9,True,False,False,False,False,False,True
1174909,201125,02/08/2022,5.1,4,324.1,True,False,False,True,False,False,False
1166073,55762,05/16/2022,2.3,2,122.0,False,False,True,False,False,False,True
1650308,474885,02/11/2022,2.5,6,589.2,True,False,False,False,False,False,True
1703006,339898,02/09/2022,5.1,6,517.0,True,False,False,True,False,False,False
1766026,253743,12/29/2022,6.7,4,350.8,True,False,False,False,False,True,False
1211152,82852,01/15/2022,5.0,2,143.0,False,True,False,False,False,False,True
1845825,35312,09/21/2020,7.0,2,119.1,False,False,True,True,False,False,False
1590345,261327,09/01/2020,6.2,4,355.1,True,False,False,False,False,True,False
1567558,213376,06/22/2020,11.2,3,275.5,True,False,False,False,False,True,False
1274700,41825,04/02/2021,7.5,2,129.1,False,False,True,False,False,True,False
1129164,335258,10/15/2021,4.3,6,505.8,True,False,False,True,False,False,False
1706447,231426,06/09/2020,6.2,4,339.4,True,False,False,True,False,False,False
1531171,407818,10/23/2022,5.6,6,571.7,True,False,False,False,False,True,False
1054251,301273,01/10/2020,7.8,6,580.5,True,False,False,True,False,False,False
1634751,326256,07/17/2020,8.4,5,449.0,True,False,False,False,False,True,False
1719211,309581,12/21/2022,7.5,5,442.0,True,False,False,False,False,True,False
1503675,54641,07/31/2021,5.3,2,173.0,False,False,True,True,False,False,False
1416340,376433,12/17/2021,2.7,5,466.0,True,False,False,False,False,False,True
1816668,486072,01/11/2021,7.9,6,580.9,True,False,False,False,False,False,True
1473418,194001,01/30/2022,5.7,3,273.8,True,False,False,False,False,True,False
1235051,121389,11/21/2020,8.1,3,233.9,False,True,False,False,False,True,False
1184928,429895,09/21/2021,7.7,6,578.8,True,False,False,False,False,True,False
1296800,137652,07/25/2022,5.6,3,277.8,True,False,False,False,True,False,False
1442995,280742,11/10/2022,3.2,5,471.7,True,False,False,True,False,False,False
1943575,57080,10/26/2022,7.4,2,168.8,False,False,True,False,False,True,False
1234826,245364,09/30/2021,3.2,5,472.9,True,False,False,False,True,False,False
1384822,115560,02/06/2021,9.6,3,250.8,True,False,False,False,True,False,False
1392717,262168,08/07/2021,5.2,4,362.1,True,False,False,False,False,True,False
1051714,90875,07/02/2020,7.9,2,176.2,False,True,False,False,False,True,False
1112200,226118,01/21/2021,2.8,3,288.3,True,False,False,False,False,True,False
1913014,298667,10/26/2022,5.9,6,586.7,True,False,False,False,True,False,False
1764894,339558,03/03/2022,6.2,5,441.1,True,False,False,False,False,False,True
1374317,206822,01/30/2022,5.1,3,284.1,True,False,False,False,False,True,False
1512740,137944,04/08/2022,5.8,3,229.7,False,True,False,False,False,False,True
1775786,336356,06/12/2022,6.0,5,499.4,True,False,False,True,False,False,False
1917244,410038,11/07/2021,7.2,6,584.8,True,False,False,False,False,True,False
1922459,48700,03/15/2022,6.2,2,132.7,False,False,True,False,False,True,False
1915517,259070,02/28/2022,5.1,5,463.3,True,False,False,True,False,False,False
1914768,191746,05/12/2021,8.5,3,248.9,True,False,False,False,False,True,False
1154056,335169,05/18/2020,7.5,5,425.3,True,False,False,False,False,False,True
1826061,267068,08/01/2022,4.7,5,402.6,True,False,False,False,False,True,False
1687634,220327,07/27/2020,5.9,3,274.2,True,False,False,False,False,False,True
1457251,190769,03/06/2022,4.0,3,266.3,True,False,False,False,False,True,False
1221656,372865,07/09/2022,6.6,6,536.0,True,False,False,False,False,True,False
1714159,281846,09/12/2022,6.0,6,557.2,True,False,False,False,True,False,False
1754113,72189,10/22/2022,8.0,2,197.6,False,False,True,False,False,True,False
1268671,74055,09/20/2022,9.6,2,176.9,False,True,False,False,True,False,False
1075453,398414,06/12/2020,5.0,6,545.9,True,False,False,False,False,False,True
1139916,353870,02/14/2020,9.5,6,522.5,True,False,False,True,False,False,False
1973029,368274,12/20/2022,9.5,6,582.8,True,False,False,True,False,False,False
1238936,332977,10/04/2020,6.0,6,546.4,True,False,False,True,False,False,False
1547812,73860,04/04/2020,6.9,2,132.5,False,True,False,False,False,True,False
1012510,384787,01/29/2022,11.7,5,478.7,True,False,False,False,False,False,True
1930865,407107,01/31/2022,6.9,6,537.1,True,False,False,False,False,False,True
1098478,420146,11/11/2021,7.0,6,513.7,True,False,False,False,False,False,True
1577214,234246,03/08/2020,3.4,5,451.5,True,False,False,False,True,False,False
1812585,83138,01/06/2022,5.4,3,228.9,False,False,True,False,False,True,False
1656074,167250,08/05/2020,6.7,3,242.5,True,False,False,False,False,True,False
1840419,124894,04/21/2021,6.1,3,220.9,False,True,False,False,False,True,False
1104680,200746,02/16/2021,8.9,4,311.6,True,False,False,False,False,True,False
1476491,310519,01/17/2020,2.9,4,389.1,True,False,False,False,False,False,True
1033477,38418,08/01/2021,2.3,2,101.0,False,True,False,False,True,False,False
1156714,303022,02/28/2021,6.3,5,443.5,True,False,False,False,False,True,False
1370046,233968,03/20/2021,6.5,3,280.2,True,False,False,False,False,False,True
1601537,144244,10/02/2020,2.2,3,248.7,True,False,False,True,False,False,False
1865186,271037,11/23/2022,9.2,4,338.4,True,False,False,False,False,False,True
1867160,415377,04/08/2020,7.0,6,594.6,True,False,False,False,False,True,False
1525260,142038,02/04/2022,6.4,3,284.5,True,False,False,False,True,False,False
1970675,48534,03/25/2022,5.2,2,131.0,False,False,True,False,False,True,False
1214416,350007,07/03/2022,9.5,6,588.7,True,False,False,True,False,False,False
1734478,251638,10/18/2020,6.5,4,344.4,True,False,False,False,False,True,False
1521633,444440,09/02/2020,4.8,6,574.4,True,False,False,False,False,False,True
1975383,49268,12/11/2022,7.2,2,129.9,False,False,True,False,False,False,True
1805535,110208,11/12/2022,5.7,2,199.9,False,True,False,False,False,True,False
1048368,76550,02/26/2020,5.5,2,140.9,False,True,False,False,False,True,False
1597231,356054,02/21/2020,5.5,5,471.6,True,False,False,False,False,True,False
1780407,65159,06/27/2020,7.1,2,185.9,False,True,False,False,True,False,False
1131119,270176,04/14/2020,6.6,6,569.6,True,False,False,False,True,False,False
1681629,271232,12/20/2020,5.8,5,464.0,True,False,False,True,False,False,False
1887492,314950,05/01/2022,5.2,5,480.2,True,False,False,False,False,True,False
1722501,122276,07/16/2021,7.4,2,197.5,True,False,False,True,False,False,False
1424869,355161,06/08/2022,4.8,6,565.1,True,False,False,True,False,False,False
1996797,55663,07/13/2022,6.6,2,144.1,False,False,True,False,False,True,False
1780120,38137,07/25/2020,7.1,2,105.0,False,False,True,False,False,True,False
1112155,199806,04/26/2021,5.3,3,278.6,True,False,False,False,False,True,False
1953575,236485,04/26/2021,8.2,4,320.7,True,False,False,False,False,False,True
1053367,280481,03/12/2020,6.7,4,392.0,True,False,False,False,False,False,True
1487267,72738,11/03/2021,6.1,2,152.2,False,True,False,False,False,True,False
1559697,335745,11/04/2021,4.2,5,400.2,True,False,False,False,False,False,True
1583503,328622,05/25/2021,5.9,6,517.5,True,False,False,True,False,False,False
1937133,436336,03/25/2022,4.6,6,517.0,True,False,False,False,False,False,True
1674331,359901,01/01/2020,7.3,6,564.5,True,False,False,True,False,False,False
1925517,69032,03/20/2022,2.5,2,180.4,False,False,True,False,False,False,True
1965856,265479,07/25/2020,9.9,4,341.0,True,False,False,False,False,False,True
1360358,306582,12/13/2021,8.0,5,441.3,True,False,False,False,False,True,False
1554119,140208,10/18/2021,2.1,3,242.8,True,False,False,True,False,False,False
1683951,79620,05/26/2022,6.3,2,136.6,False,True,False,False,False,False,True
1816563,460177,09/24/2021,8.8,6,560.7,True,False,False,False,False,False,True
1982305,43871,08/09/2022,8.3,2,104.4,False,False,True,False,False,False,True
1555991,378276,05/11/2021,8.6,5,449.8,True,False,False,False,False,False,True
1616517,143125,08/08/2021,8.4,2,199.8,True,False,False,False,False,False,True
1629247,144431,07/10/2020,6.5,3,287.9,True,False,False,False,True,False,False
1536547,166445,06/28/2020,8.1,4,348.3,True,False,False,False,True,False,False
1439233,290394,02/19/2022,6.6,4,396.5,True,False,False,False,False,True,False
1527458,243692,04/16/2020,3.5,6,516.1,True,False,False,False,True,False,False
1888647,451393,04/12/2020,8.2,6,579.2,True,False,False,False,False,False,True
1700417,327860,12/14/2021,9.0,5,449.7,True,False,False,False,False,True,False
1526757,430911,10/23/2022,6.0,6,543.4,True,False,False,False,False,False,True
1921674,219838,10/29/2020,9.9,4,340.8,True,False,False,False,False,True,False
1275861,429652,01/03/2022,3.5,6,574.8,True,False,False,False,False,False,True
1015912,317139,12/29/2021,2.9,5,448.3,True,False,False,False,False,True,False
1581333,123806,06/11/2020,7.1,3,232.1,False,True,False,False,False,True,False
1219397,104582,09/27/2020,6.9,2,191.4,False,True,False,False,False,False,True
1509253,224870,06/09/2020,7.2,3,290.5,True,False,False,False,False,False,True
1696302,246764,05/28/2021,6.7,4,314.2,True,False,False,False,False,False,True
1242617,314801,07/29/2020,4.6,4,378.0,True,False,False,False,False,False,True
1829504,220560,02/28/2020,6.5,4,385.2,True,False,False,True,False,False,False
1513368,179380,02/02/2020,3.1,3,266.5,True,False,False,False,False,True,False
1115822,147938,03/24/2021,8.2,3,255.9,True,False,False,True,False,False,False
1679929,67424,07/13/2020,7.4,2,150.4,False,True,False,True,False,False,False
1007395,378679,09/21/2020,4.1,6,579.5,True,False,False,False,False,True,False
1441692,241027,06/17/2022,7.0,5,482.9,True,False,False,False,True,False,False
1364362,242187,11/05/2020,6.6,5,479.2,True,False,False,False,True,False,False
1347779,166740,11/06/2022,4.1,4,330.8,True,False,False,False,True,False,False
1795845,326309,09/29/2020,5.5,5,496.0,True,False,False,False,False,True,False
1985622,281847,04/22/2022,6.4,6,533.3,True,False,False,False,True,False,False
1425173,397607,11/21/2021,6.0,6,501.9,True,False,False,False,False,False,True
1598962,171050,08/17/2021,6.4,3,262.6,True,False,False,True,False,False,False
1141704,60866,06/27/2020,5.2,2,123.5,False,True,False,False,False,True,False
1933648,394611,07/31/2021,4.7,6,556.7,True,False,False,False,False,True,False
1661909,382785,02/21/2022,4.7,5,457.8,True,False,False,False,False,False,True
1553249,154352,01/28/2020,7.3,3,299.4,True,False,False,False,True,False,False
1774919,154492,10/25/2022,5.4,3,268.0,True,False,False,True,False,False,False
1429169,195841,01/16/2021,5.0,3,276.1,True,False,False,False,False,True,False
1683465,65269,02/27/2021,6.7,2,183.6,False,True,False,False,True,False,False
1493419,299644,03/03/2022,5.3,6,512.0,True,False,False,True,False,False,False
1204834,267970,01/28/2021,4.4,4,368.9,True,False,False,False,False,True,False
1296860,275236,08/09/2020,4.3,4,367.0,True,False,False,False,False,True,False
1524191,54332,12/07/2021,6.9,3,227.7,False,False,True,False,True,False,False
1610667,394586,08/09/2020,7.5,5,468.0,True,False,False,False,False,False,True
1354209,213210,07/08/2020,2.7,3,277.1,True,False,False,False,False,False,True
1473569,48750,10/08/2020,5.5,2,122.0,False,True,False,False,True,False,False
1724688,83749,06/11/2022,9.1,2,148.8,False,True,False,False,False,True,False
1760047,216472,11/25/2021,7.6,3,269.8,True,False,False,False,False,False,True
1726653,330621,04/24/2020,7.8,6,562.5,True,False,False,True,False,False,False
1723525,44131,04/09/2020,7.0,2,110.6,False,False,True,False,False,False,True
1956880,316948,08/10/2022,5.2,4,398.9,True,False,False,False,False,False,True
1637431,219578,11/22/2021,7.4,5,477.9,True,False,False,False,True,False,False
1656336,234699,05/29/2022,4.8,4,333.6,True,False,False,False,False,True,False
1288018,161784,07/28/2022,4.9,3,274.1,True,False,False,True,False,False,False
1485055,330108,08/12/2020,4.3,5,409.2,True,False,False,False,False,False,True
1932264,193714,09/12/2022,5.5,4,371.5,True,False,False,False,True,False,False
1759874,264524,03/26/2021,7.8,4,346.9,True,False,False,False,False,False,True
1838664,276276,05/29/2022,6.0,5,427.3,True,False,False,True,False,False,False
1705846,200587,04/15/2022,5.1,3,242.5,True,False,False,False,False,False,True
1417197,49384,09/12/2021,5.0,2,101.9,False,True,False,False,False,True,False
1383189,232680,07/09/2022,3.5,4,320.6,True,False,False,False,False,False,True
1994865,299213,02/07/2021,6.1,5,479.3,True,False,False,False,False,True,False
1681799,446210,12/13/2022,8.1,6,534.2,True,False,False,False,False,False,True
1680927,224858,06/05/2020,4.6,4,335.2,True,False,False,False,False,True,False
1797966,196186,09/13/2021,5.5,3,261.5,True,False,False,False,False,False,True
1986180,265159,01/14/2020,7.5,4,333.6,True,False,False,False,False,False,True
1574543,120952,05/04/2021,8.9,3,232.3,False,True,False,False,False,True,False
1864258,324055,01/11/2022,7.8,5,473.9,True,False,False,False,False,True,False
1157262,326599,01/13/2021,10.8,4,381.2,True,False,False,False,False,False,True
1584728,385812,05/03/2020,5.1,5,480.2,True,False,False,False,False,False,True
1012230,234222,10/14/2020,5.4,4,393.2,True,False,False,True,False,False,False
1053212,247784,10/15/2021,5.0,4,345.0,True,False,False,False,False,True,False
1811920,264766,04/26/2020,3.8,4,334.9,True,False,False,False,False,False,True
1912258,359748,02/28/2022,9.5,6,572.4,True,False,False,True,False,False,False
1321853,199019,01/20/2022,8.0,5,415.6,True,False,False,False,True,False,False
1598413,86211,01/31/2022,5.0,2,194.5,False,True,False,True,False,False,False
1593379,238958,07/16/2020,5.2,4,381.3,True,False,False,True,False,False,False
1018110,378727,04/02/2021,3.8,5,474.8,True,False,False,False,False,False,True
1991484,69641,11/16/2022,6.2,2,140.7,False,True,False,False,False,True,False
1438368,468776,07/03/2022,2.4,6,594.2,True,False,False,False,False,False,True
1832618,355910,11/24/2021,4.3,6,592.8,True,False,False,True,False,False,False
1870515,81569,04/27/2021,7.5,2,155.2,False,True,False,False,False,True,False
1757402,206743,02/20/2021,3.4,4,382.7,True,False,False,True,False,False,False
1555362,406260,08/24/2022,5.0,6,524.5,True,False,False,False,False,False,True
1226086,396967,01/01/2021,6.5,6,574.7,True,False,False,False,False,True,False
1383631,384269,11/25/2020,7.3,5,490.9,True,False,False,False,False,True,False
1859207,209409,01/08/2022,2.7,4,333.6,True,False,False,True,False,False,False
1825378,365138,02/16/2020,3.7,6,518.9,True,False,False,False,False,True,False
1806162,47624,01/02/2022,6.7,2,149.0,False,False,True,True,False,False,False
1992176,168829,03/25/2021,5.0,3,288.8,True,False,False,True,False,False,False
1839350,81848,08/31/2022,4.6,3,200.5,False,True,False,True,False,False,False
1309459,407603,10/23/2020,7.3,6,529.3,True,False,False,False,False,True,False
1770519,215984,05/26/2020,7.3,4,382.3,True,False,False,True,False,False,False
1209496,253800,02/21/2021,6.4,4,381.7,True,False,False,False,False,True,False
1995119,98132,08/28/2021,7.5,2,199.0,False,True,False,True,False,False,False
1068811,74019,10/13/2021,5.9,2,146.6,False,True,False,False,False,True,False
1086416,42174,05/01/2020,4.1,2,118.3,False,True,False,False,True,False,False
1686342,427000,02/20/2022,2.1,6,537.0,True,False,False,False,False,False,True
1972037,307859,05/23/2022,5.7,5,418.1,True,False,False,False,False,True,False
1934993,339027,01/25/2020,6.0,5,417.6,True,False,False,False,False,False,True
1140244,274086,06/11/2020,7.1,5,438.9,True,False,False,True,False,False,False
1661170,127264,09/28/2020,4.9,3,241.7,True,False,False,False,True,False,False
1787326,271894,09/13/2021,3.4,4,337.0,True,False,False,False,False,False,True
1236767,284978,02/10/2022,9.2,4,363.2,True,False,False,False,False,False,True
1698478,226167,10/02/2020,5.7,4,399.0,True,False,False,True,False,False,False
1634951,105675,09/07/2020,7.0,3,202.7,False,True,False,False,False,True,False
1863995,109640,05/20/2021,2.1,2,194.8,False,True,False,False,False,True,False
1768231,181208,01/03/2022,6.3,4,315.1,True,False,False,True,False,False,False
1254519,355656,04/16/2021,6.7,6,501.7,True,False,False,False,False,True,False
1078750,201410,09/28/2020,6.4,4,308.9,True,False,False,True,False,False,False
1549292,363909,02/02/2022,3.3,5,494.1,True,False,False,False,False,True,False
1182033,415150,03/17/2022,2.1,6,512.9,True,False,False,False,False,False,True
1999477,122742,02/25/2021,4.0,3,245.3,True,False,False,False,True,False,False
1752244,90523,10/12/2020,4.4,2,169.4,False,True,False,False,False,True,False
1284838,304921,05/22/2021,4.4,6,530.1,True,False,False,True,False,False,False
1307646,58043,09/22/2021,6.1,2,158.1,False,False,True,False,False,True,False
1899630,201178,03/13/2020,5.0,3,243.6,True,False,False,False,False,False,True
1475724,241037,08/04/2020,3.3,3,291.6,True,False,False,False,False,False,True
1734632,180973,09/04/2020,8.1,3,244.1,True,False,False,False,False,True,False
1499590,255004,04/09/2022,7.6,5,430.2,True,False,False,True,False,False,False
1880101,246296,03/22/2020,5.6,5,407.4,True,False,False,True,False,False,False
1952137,45461,07/08/2021,9.2,2,185.5,False,False,True,False,True,False,False
1084746,264818,07/23/2022,5.9,5,429.0,True,False,False,True,False,False,False
1788634,285757,09/03/2021,12.5,5,488.2,True,False,False,True,False,False,False
1357647,299826,01/30/2022,8.3,4,389.5,True,False,False,False,False,False,True
1014588,290979,09/27/2022,6.3,4,345.9,True,False,False,False,False,False,True
1555243,188728,12/03/2022,5.8,4,301.3,True,False,False,True,False,False,False
1967587,216184,05/17/2022,5.4,3,289.1,True,False,False,False,False,False,True
1457243,78261,02/17/2022,3.2,2,134.4,False,True,False,False,False,False,True
1700318,320895,06/02/2021,6.2,5,461.8,True,False,False,False,False,True,False
1684100,294050,08/04/2022,8.1,6,593.6,True,False,False,False,True,False,False
1013102,175633,04/03/2020,2.9,3,251.1,True,False,False,False,False,True,False
1170591,113885,11/17/2022,4.2,2,178.2,False,True,False,False,False,False,True
1427778,286749,01/01/2021,3.5,4,373.5,True,False,False,False,False,False,True
1895548,319629,12/28/2021,1.3,5,482.5,True,False,False,False,False,True,False
1162894,354473,01/02/2022,5.7,6,579.0,True,False,False,True,False,False,False
1271277,91126,08/21/2022,9.5,2,174.8,False,True,False,False,False,True,False
1828761,339200,03/24/2022,6.1,5,477.2,True,False,False,False,False,True,False
1692915,236633,03/26/2022,4.6,4,382.0,True,False,False,True,False,False,False
1756167,207132,01/19/2020,6.7,4,304.2,True,False,False,False,False,True,False
1278827,216143,10/06/2021,5.8,5,427.5,True,False,False,False,True,False,False
1937520,191609,02/01/2021,8.0,4,367.5,True,False,False,False,True,False,False
1509660,393054,08/02/2020,6.0,6,566.4,True,False,False,False,False,True,False
1179755,371804,05/24/2022,6.8,6,570.0,True,False,False,False,False,True,False
1076368,180623,08/16/2020,5.8,3,266.5,True,False,False,False,False,True,False
1987271,233589,11/06/2022,3.8,4,384.8,True,False,False,True,False,False,False
1535998,138833,11/19/2021,7.3,3,284.2,True,False,False,False,True,False,False
1481595,241008,10/03/2020,0.3,3,283.4,True,False,False,False,False,False,True
1598212,241139,07/11/2022,5.2,3,293.4,True,False,False,False,False,False,True
1549200,255873,01/17/2020,8.8,5,407.8,True,False,False,True,False,False,False
1919273,298012,08/05/2020,9.1,5,429.5,True,False,False,False,False,True,False
1512003,280859,12/21/2022,6.1,4,369.3,True,False,False,False,False,True,False
1452168,258418,02/24/2020,7.6,5,417.2,True,False,False,True,False,False,False
